.env	2026-07-10 23:59:59.6033652940	65	abubakar	abubakar
.gitignore	2026-07-10 23:58:17.3608800470	396	abubakar	abubakar
10_candidates_summary.csv	2026-08-26 19:36:58.7056191660	4494	abubakar	abubakar
ASFV_Project_Summary.md	2026-07-19 12:58:02.6686112460	699	abubakar	abubakar
C05_H02_B241.fasta	2026-08-26 19:36:34.6929623820	310	abubakar	abubakar
C05_H03_B121.fasta	2026-08-26 19:36:34.7009626010	310	abubakar	abubakar
C05_H04_B241.fasta	2026-08-26 19:36:34.7079627930	310	abubakar	abubakar
C05_H05_B241.fasta	2026-08-26 19:36:34.7169630400	310	abubakar	abubakar
C05_H06_B241.fasta	2026-08-26 19:36:34.7259632860	310	abubakar	abubakar
C05_H06_B241_final.fasta	2026-08-27 18:49:42.5471281500	252	abubakar	abubakar
C06_H02_B241.fasta	2026-08-26 19:36:34.7369635870	310	abubakar	abubakar
C06_H03_B121.fasta	2026-08-26 19:36:34.7499639430	310	abubakar	abubakar
C06_H04_B241.fasta	2026-08-26 19:36:34.7599642170	310	abubakar	abubakar
C06_H05_B241.fasta	2026-08-26 19:36:34.7679644370	310	abubakar	abubakar
C06_H06_B241.fasta	2026-08-26 19:36:34.7779647110	310	abubakar	abubakar
CHANGELOG.md	2026-07-10 23:58:02.1501054110	0	abubakar	abubakar
CTL_PROVENANCE_GAP.md	2026-08-25 10:46:19.0739579920	1090	abubakar	abubakar
CTL_STATUS_CURRENT.md	2026-08-25 10:53:42.0112880770	1707	abubakar	abubakar
FINAL_REPRODUCIBILITY_RECORD.md	2026-08-27 18:49:28.3727649060	1370	abubakar	abubakar
LICENSE	2026-07-10 23:58:02.1501054110	0	abubakar	abubakar
MixMHC2pred/.gitignore	2026-08-19 12:38:03.6181037560	290	abubakar	abubakar
MixMHC2pred/FAQ.md	2026-08-19 12:38:03.6191037810	3493	abubakar	abubakar
MixMHC2pred/FAQ.pdf	2026-08-19 12:38:03.6201038060	127577	abubakar	abubakar
MixMHC2pred/LICENSE	2026-08-19 12:38:03.6201038060	7616	abubakar	abubakar
MixMHC2pred/License.pdf	2026-08-19 12:38:03.6211038300	85172	abubakar	abubakar
MixMHC2pred/MixMHC2pred	2026-08-19 12:38:03.6241039040	261536	abubakar	abubakar
MixMHC2pred/MixMHC2pred.exe	2026-08-19 12:38:03.6471044670	3296216	abubakar	abubakar
MixMHC2pred/MixMHC2pred_unix	2026-08-19 12:38:03.6731051050	2692328	abubakar	abubakar
MixMHC2pred/NEWS.md	2026-08-19 12:38:03.6751051540	2195	abubakar	abubakar
MixMHC2pred/PWMdef/SLA_DRA_01_01__DRB1_02_02.pwm	2026-08-27 18:24:51.8319656970	180	abubakar	abubakar
MixMHC2pred/PWMdef/SLA_DRA_01_01__DRB1_02_02.pwm.bak	2026-08-19 15:28:47.6963378230	180	abubakar	abubakar
MixMHC2pred/PWMdef/SLA_DRA_01_01__DRB1_02_02.pwm.corrupt	2026-08-25 22:34:13.8417060660	0	abubakar	abubakar
MixMHC2pred/README.md	2026-08-19 12:38:03.6751051540	13826	abubakar	abubakar
MixMHC2pred/README.pdf	2026-08-19 12:38:03.6761051780	90057	abubakar	abubakar
MixMHC2pred/bin/Makefile	2026-08-19 12:38:03.6761051780	2041	abubakar	abubakar
MixMHC2pred/external/License_for_Argparse.txt	2026-08-19 12:38:03.6761051780	1642	abubakar	abubakar
MixMHC2pred/external/License_for_whereami.txt	2026-08-19 12:38:03.6761051780	1183	abubakar	abubakar
MixMHC2pred/external/argparse/LICENSE	2026-08-19 12:38:03.6761051780	1492	abubakar	abubakar
MixMHC2pred/external/argparse/README.md	2026-08-19 12:38:03.6761051780	5379	abubakar	abubakar
MixMHC2pred/external/argparse/argparse.hpp	2026-08-19 12:38:03.6771052030	18312	abubakar	abubakar
MixMHC2pred/external/whereami/.gitattributes	2026-08-19 12:38:03.6781052280	470	abubakar	abubakar
MixMHC2pred/external/whereami/.gitignore	2026-08-19 12:38:03.6781052280	25	abubakar	abubakar
MixMHC2pred/external/whereami/LICENSE.MIT	2026-08-19 12:38:03.6781052280	1049	abubakar	abubakar
MixMHC2pred/external/whereami/LICENSE.WTFPLv2	2026-08-19 12:38:03.6781052280	986	abubakar	abubakar
MixMHC2pred/external/whereami/README.md	2026-08-19 12:38:03.6781052280	4189	abubakar	abubakar
MixMHC2pred/external/whereami/_gnu-make/Makefile	2026-08-19 12:38:03.6781052280	3362	abubakar	abubakar
MixMHC2pred/external/whereami/_ios-xcode/.gitignore	2026-08-19 12:38:03.6781052280	26	abubakar	abubakar
MixMHC2pred/external/whereami/_ios-xcode/WhereAmI-Info.plist	2026-08-19 12:38:03.6781052280	1499	abubakar	abubakar
MixMHC2pred/external/whereami/_mac-xcode/.gitignore	2026-08-19 12:38:03.6781052280	26	abubakar	abubakar
MixMHC2pred/external/whereami/_win-vs14/.gitignore	2026-08-19 12:38:03.6791052520	73	abubakar	abubakar
MixMHC2pred/external/whereami/_win-vs14/Common.props	2026-08-19 12:38:03.6791052520	1919	abubakar	abubakar
MixMHC2pred/external/whereami/_win-vs14/Debug.props	2026-08-19 12:38:03.6791052520	827	abubakar	abubakar
MixMHC2pred/external/whereami/_win-vs14/Executable.vcxproj	2026-08-19 12:38:03.6791052520	6585	abubakar	abubakar
MixMHC2pred/external/whereami/_win-vs14/Library.vcxproj	2026-08-19 12:38:03.6791052520	6340	abubakar	abubakar
MixMHC2pred/external/whereami/_win-vs14/Release.props	2026-08-19 12:38:03.6791052520	1632	abubakar	abubakar
MixMHC2pred/external/whereami/_win-vs14/WhereAmI.sln	2026-08-19 12:38:03.6791052520	2071	abubakar	abubakar
MixMHC2pred/external/whereami/_win-vs14/x64.props	2026-08-19 12:38:03.6791052520	486	abubakar	abubakar
MixMHC2pred/external/whereami/_win-vs14/x86.props	2026-08-19 12:38:03.6791052520	612	abubakar	abubakar
MixMHC2pred/external/whereami/example/executable.c	2026-08-19 12:38:03.6801052770	2459	abubakar	abubakar
MixMHC2pred/external/whereami/example/library.c	2026-08-19 12:38:03.6801052770	1686	abubakar	abubakar
MixMHC2pred/external/whereami/src/whereami.c	2026-08-19 12:38:03.6801052770	13416	abubakar	abubakar
MixMHC2pred/external/whereami/src/whereami.h	2026-08-19 12:38:03.6801052770	2017	abubakar	abubakar
MixMHC2pred/nnetsDef/nnetsWeights_1.txt	2026-08-19 12:38:03.6861054240	570705	abubakar	abubakar
MixMHC2pred/nnetsDef/nnetsWeights_2.txt	2026-08-19 12:38:03.6901055220	571544	abubakar	abubakar
MixMHC2pred/nnetsDef/nnetsWeights_3.txt	2026-08-19 12:38:03.6941056200	570524	abubakar	abubakar
MixMHC2pred/nnetsDef/nnetsWeights_4.txt	2026-08-19 12:38:03.6981057180	570419	abubakar	abubakar
MixMHC2pred/nnetsDef/nnetsWeights_5.txt	2026-08-19 12:38:03.7021058160	572286	abubakar	abubakar
MixMHC2pred/rpep/rand_L_10.txt	2026-08-19 12:38:03.7031058410	110000	abubakar	abubakar
MixMHC2pred/rpep/rand_L_11.txt	2026-08-19 12:38:03.7041058650	120000	abubakar	abubakar
MixMHC2pred/rpep/rand_L_12.txt	2026-08-19 12:38:03.7051058900	130000	abubakar	abubakar
MixMHC2pred/rpep/rand_L_13.txt	2026-08-19 12:38:03.7071059390	140000	abubakar	abubakar
MixMHC2pred/rpep/rand_L_14.txt	2026-08-19 12:38:03.7091059880	150000	abubakar	abubakar
MixMHC2pred/rpep/rand_L_15.txt	2026-08-19 12:38:03.7101060120	160000	abubakar	abubakar
MixMHC2pred/rpep/rand_L_16.txt	2026-08-19 12:38:03.7121060610	170000	abubakar	abubakar
MixMHC2pred/rpep/rand_L_17.txt	2026-08-19 12:38:03.7151061350	180000	abubakar	abubakar
MixMHC2pred/rpep/rand_L_18.txt	2026-08-19 12:38:03.7211062820	190000	abubakar	abubakar
MixMHC2pred/rpep/rand_L_19.txt	2026-08-19 12:38:03.7401067470	200000	abubakar	abubakar
MixMHC2pred/rpep/rand_L_20.txt	2026-08-19 12:38:03.7431068210	210000	abubakar	abubakar
MixMHC2pred/rpep/rand_L_21.txt	2026-08-19 12:38:03.7461068940	220000	abubakar	abubakar
MixMHC2pred/rpep/rand_L_22.txt	2026-08-19 12:38:03.7481069430	230000	abubakar	abubakar
MixMHC2pred/rpep/rand_L_23.txt	2026-08-19 12:38:03.7511070170	240000	abubakar	abubakar
MixMHC2pred/rpep/rand_L_24.txt	2026-08-19 12:38:03.7531070660	250000	abubakar	abubakar
MixMHC2pred/rpep/rand_L_25.txt	2026-08-19 12:38:03.7561071400	260000	abubakar	abubakar
MixMHC2pred/rpep/rand_L_9.txt	2026-08-19 12:38:03.7571071640	100000	abubakar	abubakar
MixMHC2pred/src/MixMHC2pred.cpp	2026-08-19 12:38:03.7571071640	11427	abubakar	abubakar
MixMHC2pred/src/alleles_def.cpp	2026-08-19 12:38:03.7571071640	12588	abubakar	abubakar
MixMHC2pred/src/alleles_def.hpp	2026-08-19 12:38:03.7571071640	1780	abubakar	abubakar
MixMHC2pred/src/helper_MixMHC2pred.cpp	2026-08-19 12:38:03.7581071890	32073	abubakar	abubakar
MixMHC2pred/src/helper_MixMHC2pred.hpp	2026-08-19 12:38:03.7581071890	7044	abubakar	abubakar
MixMHC2pred/src/helper_general.cpp	2026-08-19 12:38:03.7581071890	1503	abubakar	abubakar
MixMHC2pred/src/helper_general.hpp	2026-08-19 12:38:03.7581071890	965	abubakar	abubakar
MixMHC2pred/src/helper_nnets.cpp	2026-08-19 12:38:03.7581071890	13820	abubakar	abubakar
MixMHC2pred/src/helper_nnets.hpp	2026-08-19 12:38:03.8741100320	6087	abubakar	abubakar
MixMHC2pred/test/out_compare.txt	2026-08-19 12:38:03.8751100560	57169	abubakar	abubakar
MixMHC2pred/test/out_noContext_compare.txt	2026-08-19 12:38:03.8811102040	50803	abubakar	abubakar
MixMHC2pred/test/testData.txt	2026-08-19 12:38:03.8821102280	15153	abubakar	abubakar
MixMHC2pred/test/testData_noContext.txt	2026-08-19 12:38:03.8821102280	8653	abubakar	abubakar
PIPELINE_AUDIT.md	2026-08-25 22:51:04.6675792380	2143	abubakar	abubakar
README.md	2026-07-10 23:58:02.1501054110	0	abubakar	abubakar
SLA_II_METHODOLOGY_VERIFICATION.md	2026-08-25 22:43:03.6492092550	1533	abubakar	abubakar
Snakefile	2026-07-11 13:19:26.8922442140	1453	abubakar	abubakar
Snakefile.bak	2026-07-11 12:37:40.2051228840	927	abubakar	abubakar
Snakefile.bak2	2026-07-11 13:06:25.7931941410	1370	abubakar	abubakar
all_parsed_peptides.txt	2026-08-26 18:38:18.2390367460	131979	abubakar	abubakar
architecture_ranking_table.tsv	2026-08-26 18:31:44.3135044880	1416824	abubakar	abubakar
audit/01_environment.json	2026-08-28 13:08:53.9277100360	669	abubakar	abubakar
audit/01_environment_software_audit.sh	2026-08-27 22:09:41.6557616440	7371	abubakar	abubakar
audit/02_file_extensions.txt	2026-08-28 13:09:06.4950275670	932	abubakar	abubakar
audit/02_filesystem_inventory_raw.tsv	2026-08-28 13:09:08.4310764820	0	abubakar	abubakar
audit/environment/control_file_sha256.txt	2026-08-27 22:09:55.5281175470	1088	abubakar	abubakar
audit/environment/git_status.txt	2026-08-27 22:09:55.0571054650	3307	abubakar	abubakar
audit/environment/network.txt	2026-08-27 22:09:42.1387740380	947	abubakar	abubakar
audit/environment/services_processes.txt	2026-08-27 22:09:55.1601081070	4740	abubakar	abubakar
audit/environment/system_environment.txt	2026-08-27 22:09:42.0837726260	19118	abubakar	abubakar
audit/filesystem/project_inventory.txt	2026-08-27 22:09:55.2741110310	27693	abubakar	abubakar
audit/software/bioinformatics_tool_inventory.txt	2026-08-27 22:09:49.6069656480	3307	abubakar	abubakar
audit/software/conda_mamba.txt	2026-08-27 22:09:46.2728801090	394	abubakar	abubakar
audit/software/containers.txt	2026-08-27 22:09:47.1099015840	108	abubakar	abubakar
audit/software/python.txt	2026-08-27 22:09:43.6308123210	224	abubakar	abubakar
audit/software/python_packages.txt	2026-08-27 22:09:54.5690929460	606	abubakar	abubakar
audit/software/workflow_engines.txt	2026-08-27 22:09:47.0128990950	62	abubakar	abubakar
audit_01_environment.py	2026-08-28 13:08:50.4186213710	2423	abubakar	abubakar
audit_02_filesystem.sh	2026-08-28 13:09:06.2090203410	1068	abubakar	abubakar
cd2v_sequence.fasta	2026-08-26 19:36:34.7859649300	0	abubakar	abubakar
combined_architecture_ranking.tsv	2026-08-26 18:58:43.3146099750	1485598	abubakar	abubakar
config/config.yaml.bak	2026-07-10 23:59:44.1805937790	2405	abubakar	abubakar
config/dashboard.yaml	2026-07-11 12:56:50.6325871520	303	abubakar	abubakar
config/genomes.yaml	2026-07-11 12:56:50.6055875380	354	abubakar	abubakar
config/pipeline.yaml	2026-07-11 13:19:54.5578149670	3661	abubakar	abubakar
config/project.yaml	2026-07-11 12:56:50.6015875950	194	abubakar	abubakar
config/proteins.yaml	2026-07-11 12:56:50.6135874240	1076	abubakar	abubakar
config/sla.yaml	2026-07-11 12:56:50.6175873660	770	abubakar	abubakar
config/thresholds.yaml	2026-07-11 12:56:50.6235872800	435	abubakar	abubakar
construct_enumeration_summary.json	2026-08-25 17:59:05.0257257510	234	abubakar	abubakar
construct_enumeration_summary.txt	2026-08-25 17:50:06.7844209220	294	abubakar	abubakar
construct_junctions_all.tsv	2026-08-25 17:53:49.0078804660	262828927	abubakar	abubakar
construct_orders_all.fasta	2026-08-26 19:36:34.9789702170	10419840	abubakar	abubakar
construct_orders_all.tsv	2026-08-25 17:59:02.9346736200	15707658	abubakar	abubakar
create_final_mixmhc2pred.py	2026-08-25 22:25:49.3327979880	2475	abubakar	abubakar
data/interim/proteins/B646L_p72_sequences.fasta	2026-07-16 10:26:51.6250085700	6026	abubakar	abubakar
data/interim/proteins/BA71V_B646L_PQ375362.fasta	2026-07-23 11:32:03.1474796310	701	abubakar	abubakar
data/interim/proteins/BA71V_B646L_PQ375363.fasta	2026-07-23 11:32:03.1474796310	701	abubakar	abubakar
data/interim/proteins/BA71V_CP204L_PQ375362.fasta	2026-07-23 11:32:03.1474796310	258	abubakar	abubakar
data/interim/proteins/BA71V_CP204L_PQ375363.fasta	2026-07-23 11:32:03.1474796310	251	abubakar	abubakar
data/interim/proteins/BA71V_CP2475L_PQ375362.fasta	2026-07-23 11:32:03.1474796310	2536	abubakar	abubakar
data/interim/proteins/BA71V_CP2475L_PQ375363.fasta	2026-07-23 11:32:03.1474796310	2535	abubakar	abubakar
data/interim/proteins/BA71V_CP312R_PQ375362.fasta	2026-07-23 11:32:03.1474796310	363	abubakar	abubakar
data/interim/proteins/BA71V_CP312R_PQ375363.fasta	2026-07-23 11:32:03.1484796140	364	abubakar	abubakar
data/interim/proteins/BA71V_E183L_PQ375362.fasta	2026-07-23 11:32:03.1474796310	240	abubakar	abubakar
data/interim/proteins/BA71V_E183L_PQ375363.fasta	2026-07-23 11:32:03.1484796140	239	abubakar	abubakar
data/interim/proteins/BA71V_EP402R_PQ375362.fasta	2026-07-23 11:32:03.1464796490	442	abubakar	abubakar
data/interim/proteins/BA71V_EP402R_PQ375363.fasta	2026-07-23 11:32:03.1474796310	417	abubakar	abubakar
data/interim/proteins/CP204L_p30_sequences.fasta	2026-07-16 10:26:51.6260085530	2180	abubakar	abubakar
data/interim/proteins/CP2475L_pp220_sequences.fasta	2026-07-16 10:26:51.6270085370	18837	abubakar	abubakar
data/interim/proteins/CP312R_pCP312R_sequences.fasta	2026-07-16 10:26:51.6260085530	3240	abubakar	abubakar
data/interim/proteins/E183L_p54_sequences.fasta	2026-07-16 10:26:51.6270085370	1775	abubakar	abubakar
data/interim/proteins/EP402R_CD2v_Nterminal_159aa.fasta	2026-07-16 11:26:16.0257521090	1561	abubakar	abubakar
data/interim/proteins/EP402R_CD2v_sequences.fasta	2026-07-16 10:26:51.6280085210	2577	abubakar	abubakar
data/interim/proteins/merged/B646L_p72_all.fasta	2026-07-23 11:32:29.9060194030	7428	abubakar	abubakar
data/interim/proteins/merged/CP204L_p30_all.fasta	2026-07-23 11:32:29.9290190080	2689	abubakar	abubakar
data/interim/proteins/merged/CP2475L_pp220_all.fasta	2026-07-23 11:32:30.0490169490	23908	abubakar	abubakar
data/interim/proteins/merged/CP312R_pCP312R_all.fasta	2026-07-23 11:32:30.0830163660	3967	abubakar	abubakar
data/interim/proteins/merged/E183L_p54_all.fasta	2026-07-23 11:32:29.9630184250	2254	abubakar	abubakar
data/interim/proteins/merged/EP402R_CD2v_all.fasta	2026-07-23 11:32:30.0260173440	3436	abubakar	abubakar
data/metadata/FINAL_COMPLETE_SUMMARY.json	2026-07-16 11:08:06.6642109580	1876	abubakar	abubakar
data/metadata/alignment_qc_complete.json	2026-07-16 10:25:32.7923053290	2009	abubakar	abubakar
data/metadata/ba71v_extraction_results.json	2026-07-23 11:32:03.1434797000	10481	abubakar	abubakar
data/metadata/cd2v_categories.json	2026-07-16 11:25:05.0457699660	526	abubakar	abubakar
data/metadata/cd2v_validation_fixed.csv	2026-07-12 14:18:52.1480764470	708	abubakar	abubakar
data/metadata/cd2v_validation_fixed.json	2026-07-12 14:18:52.1450764890	3911	abubakar	abubakar
data/metadata/complete_summary.json	2026-07-16 11:04:44.4129953700	2076	abubakar	abubakar
data/metadata/download_report.json	2026-07-11 13:43:30.5284319950	11580	abubakar	abubakar
data/metadata/ena_confirmation.json	2026-07-16 10:25:20.5475083420	915	abubakar	abubakar
data/metadata/ena_confirmation_fixed.json	2026-07-16 10:13:27.4941443690	915	abubakar	abubakar
data/metadata/ena_confirmation_report.md	2026-07-16 10:00:50.6390900650	929	abubakar	abubakar
data/metadata/final_verification.json	2026-07-16 10:42:13.8625838460	909	abubakar	abubakar
data/metadata/genome_metadata.csv	2026-07-11 13:50:19.0502432710	6173	abubakar	abubakar
data/metadata/genome_metadata.json	2026-07-11 13:50:19.0512432560	11205	abubakar	abubakar
data/metadata/genome_qc_results.json	2026-07-11 14:25:44.7647253740	11324	abubakar	abubakar
data/metadata/genome_qc_summary.csv	2026-07-11 14:25:44.7657253600	600	abubakar	abubakar
data/metadata/genotype_summary.json	2026-07-11 15:02:22.3886719810	315	abubakar	abubakar
data/metadata/iedb_search_manual.json	2026-07-16 10:13:27.6931414910	1463	abubakar	abubakar
data/metadata/iedb_search_results.json	2026-07-16 10:01:33.9454638040	373	abubakar	abubakar
data/metadata/orthology/B646L_blast.xml	2026-08-02 22:38:37.2785858510	38201	abubakar	abubakar
data/metadata/orthology/CP204L_blast.xml	2026-08-02 22:38:37.4255893310	16246	abubakar	abubakar
data/metadata/orthology/CP2475L_blast.xml	2026-08-02 22:38:37.9036006480	68573	abubakar	abubakar
data/metadata/orthology/CP312R_blast.xml	2026-08-02 22:38:38.0456040100	50849	abubakar	abubakar
data/metadata/orthology/E183L_blast.xml	2026-08-02 22:38:37.5485922430	44884	abubakar	abubakar
data/metadata/orthology/EP402R_blast.xml	2026-08-02 22:38:37.6885955580	55370	abubakar	abubakar
data/metadata/orthology/orthology_complete_results.json	2026-08-02 22:38:38.0566042700	3071	abubakar	abubakar
data/metadata/orthology_results.json	2026-08-03 23:38:45.5367498170	1391	abubakar	abubakar
data/metadata/protein_extraction_report.json	2026-07-11 15:08:51.3454987970	60176	abubakar	abubakar
data/metadata/protein_extraction_report_enhanced.json	2026-07-11 15:46:30.0936363890	66142	abubakar	abubakar
data/metadata/protein_extraction_summary.csv	2026-07-11 15:08:51.3424988440	4116	abubakar	abubakar
data/metadata/protein_extraction_summary_enhanced.csv	2026-07-11 15:46:30.0906364330	5256	abubakar	abubakar
data/metadata/section_12_summary.json	2026-07-16 16:20:07.4928517450	400	abubakar	abubakar
data/metadata/seqkit_results/MW856067_seqkit.txt	2026-08-02 22:38:35.5685453720	222	abubakar	abubakar
data/metadata/seqkit_results/MW856068_seqkit.txt	2026-08-02 22:38:36.3815646160	222	abubakar	abubakar
data/metadata/seqkit_results/ON409979_seqkit.txt	2026-08-02 22:38:36.1685595740	222	abubakar	abubakar
data/metadata/seqkit_results/ON409980_seqkit.txt	2026-08-02 22:38:36.4485662020	222	abubakar	abubakar
data/metadata/seqkit_results/ON409981_seqkit.txt	2026-08-02 22:38:35.6805480230	222	abubakar	abubakar
data/metadata/seqkit_results/ON409982_seqkit.txt	2026-08-02 22:38:36.0505567810	222	abubakar	abubakar
data/metadata/seqkit_results/ON409983_seqkit.txt	2026-08-02 22:38:35.9055533490	222	abubakar	abubakar
data/metadata/seqkit_results/PQ375362_seqkit.txt	2026-08-02 22:38:36.2895624380	222	abubakar	abubakar
data/metadata/seqkit_results/PQ375363_seqkit.txt	2026-08-02 22:38:36.7385730670	222	abubakar	abubakar
data/metadata/seqkit_results/PV740683_seqkit.txt	2026-08-02 22:38:36.5485685690	222	abubakar	abubakar
data/metadata/seqkit_results/PV740684_seqkit.txt	2026-08-02 22:38:36.6325705570	222	abubakar	abubakar
data/metadata/seqkit_results/seqkit_results.json	2026-08-02 22:38:36.7385730670	2983	abubakar	abubakar
data/metadata/structural_annotation/structural_annotation_results.json	2026-07-16 10:02:06.0929989150	169240	abubakar	abubakar
data/metadata/target_protein_metrics.json	2026-08-03 20:47:27.9335930800	3363	abubakar	abubakar
data/metadata/target_protein_metrics_v3.json	2026-08-03 23:16:34.4553859960	4796	abubakar	abubakar
data/metadata/target_selection_report.json	2026-08-03 23:38:28.4923206370	2444	abubakar	abubakar
data/processed/alignments/B646L_p72_aligned.fasta	2026-07-11 16:10:57.6017371260	7608	abubakar	abubakar
data/processed/alignments/B646L_p72_all_aligned.fasta	2026-07-23 11:35:00.4794665290	7713	abubakar	abubakar
data/processed/alignments/B646L_p72_clustal.fasta	2026-08-02 22:33:18.9072490010	6291	abubakar	abubakar
data/processed/alignments/B646L_p72_conservation.json	2026-07-11 16:10:57.6427365370	107441	abubakar	abubakar
data/processed/alignments/B646L_p72_sequences_clustal.fasta	2026-07-16 10:25:32.0023184140	7608	abubakar	abubakar
data/processed/alignments/CP204L_p30_aligned.fasta	2026-07-11 16:10:58.0337309140	2651	abubakar	abubakar
data/processed/alignments/CP204L_p30_all_aligned.fasta	2026-07-23 11:35:00.9054593860	2774	abubakar	abubakar
data/processed/alignments/CP204L_p30_clustal.fasta	2026-08-02 22:33:19.0102512950	2250	abubakar	abubakar
data/processed/alignments/CP204L_p30_conservation.json	2026-07-11 16:10:58.0697303970	33494	abubakar	abubakar
data/processed/alignments/CP204L_p30_sequences_clustal.fasta	2026-07-16 10:25:32.1823154320	2651	abubakar	abubakar
data/processed/alignments/CP2475L_pp220_aligned.fasta	2026-07-11 16:11:01.9946739510	25595	abubakar	abubakar
data/processed/alignments/CP2475L_pp220_all_aligned.fasta	2026-07-23 11:35:19.5891464800	25720	abubakar	abubakar
data/processed/alignments/CP2475L_pp220_clustal.fasta	2026-08-02 22:33:18.1722326320	20560	abubakar	abubakar
data/processed/alignments/CP2475L_pp220_conservation.json	2026-07-11 16:11:02.1136722390	413338	abubakar	abubakar
data/processed/alignments/CP2475L_pp220_sequences_clustal.fasta	2026-07-16 10:25:30.6283411740	25595	abubakar	abubakar
data/processed/alignments/CP312R_pCP312R_aligned.fasta	2026-07-11 16:11:02.5046666160	3828	abubakar	abubakar
data/processed/alignments/CP312R_pCP312R_all_aligned.fasta	2026-07-23 11:35:19.9291407930	3987	abubakar	abubakar
data/processed/alignments/CP312R_pCP312R_clustal.fasta	2026-08-02 22:33:09.1520320120	3249	abubakar	abubakar
data/processed/alignments/CP312R_pCP312R_conservation.json	2026-07-11 16:11:02.5316662280	50926	abubakar	abubakar
data/processed/alignments/CP312R_pCP312R_sequences_clustal.fasta	2026-07-16 10:25:20.8905026490	3828	abubakar	abubakar
data/processed/alignments/E183L_p54_aligned.fasta	2026-07-11 16:10:58.4577248170	2317	abubakar	abubakar
data/processed/alignments/E183L_p54_all_aligned.fasta	2026-07-23 11:35:01.1384554790	2404	abubakar	abubakar
data/processed/alignments/E183L_p54_clustal.fasta	2026-08-02 22:33:18.3552367080	1904	abubakar	abubakar
data/processed/alignments/E183L_p54_conservation.json	2026-07-11 16:10:58.4737245870	31983	abubakar	abubakar
data/processed/alignments/E183L_p54_sequences_clustal.fasta	2026-07-16 10:25:30.9143364370	2307	abubakar	abubakar
data/processed/alignments/EP402R_CD2v_aligned.fasta	2026-07-11 16:10:58.8817187210	3883	abubakar	abubakar
data/processed/alignments/EP402R_CD2v_all_aligned.fasta	2026-07-23 11:35:02.5884311690	3991	abubakar	abubakar
data/processed/alignments/EP402R_CD2v_clustal.fasta	2026-08-02 22:33:18.2752349260	1869	abubakar	abubakar
data/processed/alignments/EP402R_CD2v_conservation.json	2026-07-11 16:10:58.9137182610	64947	abubakar	abubakar
data/processed/alignments/EP402R_CD2v_sequences_clustal.fasta	2026-07-16 10:25:21.0495000100	3883	abubakar	abubakar
data/processed/alignments/b646l_aligned.fasta	2026-07-11 15:02:12.9818235560	7502	abubakar	abubakar
data/processed/alignments/b646l_phylogeny.bionj	2026-07-11 15:02:21.6136844620	245	abubakar	abubakar
data/processed/alignments/b646l_phylogeny.ckp.gz	2026-07-11 15:02:22.3826720770	730	abubakar	abubakar
data/processed/alignments/b646l_phylogeny.iqtree	2026-07-11 15:02:22.3816720930	2539	abubakar	abubakar
data/processed/alignments/b646l_phylogeny.log	2026-07-11 15:02:22.3826720770	12622	abubakar	abubakar
data/processed/alignments/b646l_phylogeny.mldist	2026-07-11 15:02:21.6116844950	738	abubakar	abubakar
data/processed/alignments/b646l_phylogeny.model.gz	2026-07-11 14:53:24.9656519420	1753	abubakar	abubakar
data/processed/alignments/b646l_phylogeny.treefile	2026-07-11 15:02:22.3816720930	365	abubakar	abubakar
data/processed/alignments/b646l_phylogeny.uniqueseq.phy	2026-07-11 15:02:13.0048231850	5270	abubakar	abubakar
data/processed/alignments/b646l_phylogeny_bs.bionj	2026-08-02 22:44:50.2825915570	229	abubakar	abubakar
data/processed/alignments/b646l_phylogeny_bs.ckp.gz	2026-08-02 22:44:53.0216587040	20254	abubakar	abubakar
data/processed/alignments/b646l_phylogeny_bs.contree	2026-08-02 22:44:53.0166585810	376	abubakar	abubakar
data/processed/alignments/b646l_phylogeny_bs.iqtree	2026-08-02 22:44:53.0196586550	4330	abubakar	abubakar
data/processed/alignments/b646l_phylogeny_bs.log	2026-08-02 22:44:53.0216587040	7814	abubakar	abubakar
data/processed/alignments/b646l_phylogeny_bs.mldist	2026-08-02 22:44:50.2815915320	738	abubakar	abubakar
data/processed/alignments/b646l_phylogeny_bs.splits.nex	2026-08-02 22:44:53.0066583360	633	abubakar	abubakar
data/processed/alignments/b646l_phylogeny_bs.treefile	2026-08-02 22:44:53.0206586800	376	abubakar	abubakar
data/processed/alignments/b646l_phylogeny_bs.uniqueseq.phy	2026-08-02 22:44:40.0133399070	5270	abubakar	abubakar
data/processed/alignments/b646l_sequences.fasta	2026-07-11 15:02:12.3468337930	7237	abubakar	abubakar
data/processed/alignments/phylogeny_advanced_summary.json	2026-07-16 10:01:19.6916699300	255	abubakar	abubakar
data/processed/allele_coverage.tsv	2026-08-17 17:50:35.2673870090	66	abubakar	abubakar
data/processed/allele_coverage_fixed.tsv	2026-08-17 17:51:47.7123569360	1558	abubakar	abubakar
data/processed/audit_comparison.tsv	2026-08-17 17:42:29.2818767520	64	abubakar	abubakar
data/processed/blast/asfv_orthology_B646L.json	2026-07-23 11:14:14.0179101040	34578	abubakar	abubakar
data/processed/blast/asfv_orthology_B646L_all.json	2026-07-23 11:32:56.7865592300	42465	abubakar	abubakar
data/processed/blast/asfv_orthology_CP204L.json	2026-07-23 11:14:14.1459083510	23437	abubakar	abubakar
data/processed/blast/asfv_orthology_CP204L_all.json	2026-07-23 11:32:56.9835558650	28678	abubakar	abubakar
data/processed/blast/asfv_orthology_CP2475L.json	2026-07-23 11:14:14.2929063380	70877	abubakar	abubakar
data/processed/blast/asfv_orthology_CP2475L_all.json	2026-07-23 11:32:57.8815405290	89763	abubakar	abubakar
data/processed/blast/asfv_orthology_CP312R.json	2026-07-23 11:14:14.4039048180	26254	abubakar	abubakar
data/processed/blast/asfv_orthology_CP312R_all.json	2026-07-23 11:32:58.0195381720	32105	abubakar	abubakar
data/processed/blast/asfv_orthology_E183L.json	2026-07-23 11:14:14.5989021480	20349	abubakar	abubakar
data/processed/blast/asfv_orthology_E183L_all.json	2026-07-23 11:32:57.2545512370	25500	abubakar	abubakar
data/processed/blast/asfv_orthology_EP402R.json	2026-07-23 11:14:14.7119006010	20875	abubakar	abubakar
data/processed/blast/asfv_orthology_EP402R_all.json	2026-07-23 11:32:57.6085451910	27165	abubakar	abubakar
data/processed/blast/asfv_vs_pig_blast.json	2026-07-16 10:42:13.7795851120	62043	abubakar	abubakar
data/processed/conservation/conservation_report.json	2026-07-11 16:11:02.5346661850	12317	abubakar	abubakar
data/processed/conservation/conservation_summary.csv	2026-07-11 16:11:02.5336661990	312	abubakar	abubakar
data/processed/construct_optimization_v1.tsv	2026-08-17 17:54:23.7805770260	83	abubakar	abubakar
data/processed/coverage_optimization.tsv	2026-08-17 17:49:57.7923647380	1141	abubakar	abubakar
data/processed/cross_protein_ranking.tsv	2026-08-17 15:59:46.2927088410	964	abubakar	abubakar
data/processed/cross_protein_ranking_v2.tsv	2026-08-17 16:34:36.3960184320	964	abubakar	abubakar
data/processed/cross_protein_ranking_v3.tsv	2026-08-17 16:42:34.3220961230	1040	abubakar	abubakar
data/processed/cross_protein_ranking_v4.tsv	2026-08-17 16:46:58.8007391780	1021	abubakar	abubakar
data/processed/deeptmhmm/B646L_p72_deeptmhmm.gff3	2026-07-16 16:13:28.5801580690	1002	abubakar	abubakar
data/processed/deeptmhmm/B646L_p72_deeptmhmm.gff3.txt	2026-07-23 10:47:19.1474256810	1002	abubakar	abubakar
data/processed/deeptmhmm/CP204L_p30_deeptmhmm.gff3	2026-07-16 16:13:29.8871410970	1021	abubakar	abubakar
data/processed/deeptmhmm/CP204L_p30_deeptmhmm.gff3.txt	2026-07-23 10:47:20.1564155250	1021	abubakar	abubakar
data/processed/deeptmhmm/CP2475L_pp220_deeptmhmm.gff3	2026-07-16 16:13:31.0311262400	1029	abubakar	abubakar
data/processed/deeptmhmm/CP2475L_pp220_deeptmhmm.gff3.txt	2026-07-23 10:47:21.2724042840	1029	abubakar	abubakar
data/processed/deeptmhmm/CP312R_pCP312R_deeptmhmm.gff3	2026-07-16 16:13:32.4311080520	1029	abubakar	abubakar
data/processed/deeptmhmm/CP312R_pCP312R_deeptmhmm.gff3.txt	2026-07-23 10:47:22.3973929420	1029	abubakar	abubakar
data/processed/deeptmhmm/E183L_p54_deeptmhmm.gff3	2026-07-16 16:13:33.8110901210	1413	abubakar	abubakar
data/processed/deeptmhmm/E183L_p54_deeptmhmm.gff3.txt	2026-07-23 10:47:23.4413824090	1413	abubakar	abubakar
data/processed/deeptmhmm/EP402R_CD2v_deeptmhmm.gff3	2026-07-16 16:13:35.2320716530	1493	abubakar	abubakar
data/processed/deeptmhmm/EP402R_CD2v_deeptmhmm.gff3.txt	2026-07-23 10:47:24.4883718380	1493	abubakar	abubakar
data/processed/epitopes/=	2026-08-25 11:27:39.6453924160	0	abubakar	abubakar
data/processed/epitopes/BepiPred_cd2v_extracellular.csv	2026-08-21 19:36:52.5751705100	7944	abubakar	abubakar
data/processed/epitopes/CTL_FINAL_PANEL.md	2026-08-25 00:33:59.3525236120	1961	abubakar	abubakar
data/processed/epitopes/CTL_FREEZE_RECORD_FINAL.md	2026-08-25 12:07:18.1822897800	3425	abubakar	abubakar
data/processed/epitopes/EXPERIMENTAL_EVIDENCE_REPORT.md	2026-08-22 15:20:26.3752929490	10286	abubakar	abubakar
data/processed/epitopes/EXPERIMENTAL_EVIDENCE_REPORT_V2.md	2026-08-22 15:35:32.0162317150	9075	abubakar	abubakar
data/processed/epitopes/FINAL_PROJECT_REPORT_COMPLETE.md	2026-08-23 12:36:38.4160347220	13694	abubakar	abubakar
data/processed/epitopes/HTL_FREEZE_RECORD.txt	2026-08-20 13:52:57.3195487840	2711	abubakar	abubakar
data/processed/epitopes/HTL_FREEZE_RECORD_FINAL.txt	2026-08-20 14:03:23.1059630370	3298	abubakar	abubakar
data/processed/epitopes/HTL_FREEZE_RECORD_v2.txt	2026-08-20 13:57:54.2616862520	2932	abubakar	abubakar
data/processed/epitopes/HTL_FREEZE_RECORD_v3.txt	2026-08-20 14:01:14.4260730760	3083	abubakar	abubakar
data/processed/epitopes/IEDB_p30_Emini.csv	2026-08-21 18:10:32.0230539500	4978	abubakar	abubakar
data/processed/epitopes/IEDB_p30_Kolaskar.csv	2026-08-21 18:10:45.1214797800	5132	abubakar	abubakar
data/processed/epitopes/IEDB_p30_Parker.csv	2026-08-21 18:10:38.3722606580	5160	abubakar	abubakar
data/processed/epitopes/IEDB_p54_Emini.csv	2026-08-21 18:10:53.1947410730	4786	abubakar	abubakar
data/processed/epitopes/IEDB_p54_Kolaskar.csv	2026-08-21 18:11:05.9351516370	4941	abubakar	abubakar
data/processed/epitopes/IEDB_p54_Parker.csv	2026-08-21 18:10:59.4449427560	4922	abubakar	abubakar
data/processed/epitopes/IEDB_pcp312r_Emini.csv	2026-08-21 18:11:12.2583546100	7926	abubakar	abubakar
data/processed/epitopes/IEDB_pcp312r_Kolaskar.csv	2026-08-21 18:11:26.4928096440	8207	abubakar	abubakar
data/processed/epitopes/IEDB_pcp312r_Parker.csv	2026-08-21 18:11:19.0215711350	8190	abubakar	abubakar
data/processed/epitopes/NETMHCPAN_QC_REPORT.md	2026-08-24 23:45:59.4932260920	2523	abubakar	abubakar
data/processed/epitopes/PROVENANCE_GAP.md	2026-08-25 00:34:13.6568243720	577	abubakar	abubakar
data/processed/epitopes/SLA 30502/SLA-3_0502_batch01_raw.txt	2026-08-24 23:00:21.4716754940	479886	abubakar	abubakar
data/processed/epitopes/SLA 30502/SLA-3_0502_batch02_raw.txt	2026-08-24 23:00:23.8967257850	480147	abubakar	abubakar
data/processed/epitopes/SLA 30502/SLA-3_0502_batch03_raw.txt	2026-08-24 23:00:26.3597769150	479927	abubakar	abubakar
data/processed/epitopes/SLA 30502/SLA-3_0502_batch04_raw.txt	2026-08-24 23:00:28.7048256360	481048	abubakar	abubakar
data/processed/epitopes/SLA 30502/SLA-3_0502_batch05_raw.txt	2026-08-24 23:00:31.8348907360	481271	abubakar	abubakar
data/processed/epitopes/SLA 30502/SLA-3_0502_batch06_raw.txt	2026-08-24 23:00:37.2260030380	481482	abubakar	abubakar
data/processed/epitopes/SLA 30502/SLA-3_0502_batch07_raw.txt	2026-08-24 23:00:41.3450889950	481588	abubakar	abubakar
data/processed/epitopes/SLA 30502/SLA-3_0502_batch08_raw.txt	2026-08-24 23:00:49.2482542780	481563	abubakar	abubakar
data/processed/epitopes/SLA 30502/SLA-3_0502_batch09_raw.txt	2026-08-24 23:00:51.0322916530	114949	abubakar	abubakar
data/processed/epitopes/SLA 30601/SLA-3_0601_batch01_raw.txt	2026-08-24 22:59:33.6496935640	479874	abubakar	abubakar
data/processed/epitopes/SLA 30601/SLA-3_0601_batch02_raw.txt	2026-08-24 22:59:37.7797776060	480187	abubakar	abubakar
data/processed/epitopes/SLA 30601/SLA-3_0601_batch03_raw.txt	2026-08-24 22:59:42.3248702670	479893	abubakar	abubakar
data/processed/epitopes/SLA 30601/SLA-3_0601_batch04_raw.txt	2026-08-24 22:59:46.1159476870	480984	abubakar	abubakar
data/processed/epitopes/SLA 30601/SLA-3_0601_batch05_raw.txt	2026-08-24 22:59:48.7000005290	481167	abubakar	abubakar
data/processed/epitopes/SLA 30601/SLA-3_0601_batch06_raw.txt	2026-08-24 22:59:51.4430566840	481534	abubakar	abubakar
data/processed/epitopes/SLA 30601/SLA-3_0601_batch07_raw.txt	2026-08-24 22:59:54.0991111180	481498	abubakar	abubakar
data/processed/epitopes/SLA 30601/SLA-3_0601_batch08_raw.txt	2026-08-24 23:00:08.5884091020	481598	abubakar	abubakar
data/processed/epitopes/SLA 30601/SLA-3_0601_batch09_raw.txt	2026-08-24 23:00:10.2824440530	114901	abubakar	abubakar
data/processed/epitopes/SLA-1_08-05 SLA BATCHS 1 TO 9/SLA-1_08-05_batch01_raw.txt	2026-08-24 18:07:44.5546256170	425742	abubakar	abubakar
data/processed/epitopes/SLA-1_08-05 SLA BATCHS 1 TO 9/SLA-1_08-05_batch02_raw.txt	2026-08-24 18:07:45.9946635290	426073	abubakar	abubakar
data/processed/epitopes/SLA-1_08-05 SLA BATCHS 1 TO 9/SLA-1_08-05_batch03_raw.txt	2026-08-24 18:07:47.8017111040	425752	abubakar	abubakar
data/processed/epitopes/SLA-1_08-05 SLA BATCHS 1 TO 9/SLA-1_08-05_batch04_raw.txt	2026-08-24 18:07:49.7257617600	426848	abubakar	abubakar
data/processed/epitopes/SLA-1_08-05 SLA BATCHS 1 TO 9/SLA-1_08-05_batch05_raw.txt	2026-08-24 18:07:51.6108113890	426997	abubakar	abubakar
data/processed/epitopes/SLA-1_08-05 SLA BATCHS 1 TO 9/SLA-1_08-05_batch06_raw.txt	2026-08-24 18:07:53.0298487490	427350	abubakar	abubakar
data/processed/epitopes/SLA-1_08-05 SLA BATCHS 1 TO 9/SLA-1_08-05_batch07_raw.txt	2026-08-24 18:07:54.8568968500	427348	abubakar	abubakar
data/processed/epitopes/SLA-1_08-05 SLA BATCHS 1 TO 9/SLA-1_08-05_batch08_raw.txt	2026-08-24 18:07:56.2089324460	427419	abubakar	abubakar
data/processed/epitopes/SLA-1_08-05 SLA BATCHS 1 TO 9/SLA-1_08-05_batch09_raw.txt	2026-08-24 18:07:57.5899688050	102093	abubakar	abubakar
data/processed/epitopes/SLA2 05 04/SLA-2_05-04_batch01_raw.txt	2026-08-24 22:58:18.7711968730	425740	abubakar	abubakar
data/processed/epitopes/SLA2 05 04/SLA-2_05-04_batch02_raw.txt	2026-08-24 22:58:29.0213985940	426075	abubakar	abubakar
data/processed/epitopes/SLA2 05 04/SLA-2_05-04_batch03_raw.txt	2026-08-24 22:58:35.5795282050	425839	abubakar	abubakar
data/processed/epitopes/SLA2 05 04/SLA-2_05-04_batch04_raw.txt	2026-08-24 22:58:42.3396622440	426852	abubakar	abubakar
data/processed/epitopes/SLA2 05 04/SLA-2_05-04_batch05_raw.txt	2026-08-24 22:58:48.5327854280	426999	abubakar	abubakar
data/processed/epitopes/SLA2 05 04/SLA-2_05-04_batch06_raw.txt	2026-08-24 22:58:53.1868782380	427350	abubakar	abubakar
data/processed/epitopes/SLA2 05 04/SLA-2_05-04_batch07_raw.txt	2026-08-24 22:59:00.8770320420	427350	abubakar	abubakar
data/processed/epitopes/SLA2 05 04/SLA-2_05-04_batch08_raw.txt	2026-08-24 22:59:06.6921487120	427422	abubakar	abubakar
data/processed/epitopes/SLA2 05 04/SLA-2_05-04_batch09_raw.txt	2026-08-24 22:59:14.7873116410	102095	abubakar	abubakar
data/processed/epitopes/SYSTEM_FREEZE_RECORD.md	2026-08-25 15:00:01.0219435910	377	abubakar	abubakar
data/processed/epitopes/all_bepipred_combined.csv	2026-08-21 12:08:44.4503795420	358016	abubakar	abubakar
data/processed/epitopes/allele_breadth_analysis.csv	2026-08-23 13:23:09.5497308090	12040	abubakar	abubakar
data/processed/epitopes/allele_breadth_corrected.csv	2026-08-23 13:26:26.5537053060	12040	abubakar	abubakar
data/processed/epitopes/allergenicity_input.fasta	2026-08-21 22:38:51.7602251500	486	abubakar	abubakar
data/processed/epitopes/architecture_review.txt	2026-08-20 15:47:22.1823391470	1302	abubakar	abubakar
data/processed/epitopes/archive/pre_pareto_reconstruction_20260824/10_compare_ctl_panels.py	2026-08-25 11:27:00.5793861610	604	abubakar	abubakar
data/processed/epitopes/archive/pre_pareto_reconstruction_20260824/CTL_FINAL_PANEL.md	2026-08-25 11:27:00.5643857740	1961	abubakar	abubakar
data/processed/epitopes/archive/pre_pareto_reconstruction_20260824/exploratory_panel_4_candidates.csv	2026-08-25 11:27:00.5533854910	426	abubakar	abubakar
data/processed/epitopes/archive/pre_pareto_reconstruction_20260824/panel_v1.3_corrected_decisions.csv	2026-08-25 11:27:00.2193768870	2953	abubakar	abubakar
data/processed/epitopes/archive/pre_pareto_reconstruction_20260824/pareto_optimization_results.csv	2026-08-25 11:27:00.4113818330	9871	abubakar	abubakar
data/processed/epitopes/archive/pre_pareto_reconstruction_20260824/toxinpred2_results.csv	2026-08-25 11:27:00.2643780460	610	abubakar	abubakar
data/processed/epitopes/bcell_excluded_candidates.csv	2026-08-21 19:00:01.5364183480	303	abubakar	abubakar
data/processed/epitopes/bcell_final_panel.csv	2026-08-21 18:12:19.2664749260	565	abubakar	abubakar
data/processed/epitopes/bcell_final_panel_provenance.csv	2026-08-21 18:17:41.7190656730	524	abubakar	abubakar
data/processed/epitopes/bcell_sequences.fasta	2026-08-20 17:21:07.4591697350	4229	abubakar	abubakar
data/processed/epitopes/cd2v/ctl/cd2v_15mers.txt	2026-08-19 22:53:27.8344672620	5936	abubakar	abubakar
data/processed/epitopes/cd2v/ctl/cd2v_all_peptides.txt	2026-08-17 13:49:09.1998688670	3770	abubakar	abubakar
data/processed/epitopes/cd2v/ctl/cd2v_conservation.tsv	2026-08-17 13:58:16.5493512450	824	abubakar	abubakar
data/processed/epitopes/cd2v/ctl/cd2v_mapped.tsv	2026-08-17 13:57:07.4665332190	569	abubakar	abubakar
data/processed/epitopes/cd2v/ctl/cd2v_peptides_unique.txt	2026-08-17 13:50:23.3108433230	3720	abubakar	abubakar
data/processed/epitopes/cd2v/ctl/cd2v_reference.fasta	2026-08-17 13:48:42.6601603360	437	abubakar	abubakar
data/processed/epitopes/cd2v/ctl/cd2v_reference_clean.txt	2026-08-17 13:48:42.6621603890	386	abubakar	abubakar
data/processed/epitopes/cd2v/ctl/strong_binders/cd2v_strong_binders_all.txt	2026-08-17 13:56:08.5389807760	4816	abubakar	abubakar
data/processed/epitopes/cd2v/ctl/weak_binders/cd2v_weak_binders_all.txt	2026-08-17 13:56:08.5599813290	12544	abubakar	abubakar
data/processed/epitopes/cd2v/ctl/web_submissions/netmhcpan_cd2v_batch_01.tsv	2026-08-17 13:54:55.4370524800	242998	abubakar	abubakar
data/processed/epitopes/cd2v/htl/raw/cd2v_SLA_DRB1_02_02.xls.xlsx	2026-08-20 12:31:19.5710746240	28458	abubakar	abubakar
data/processed/epitopes/cd2v_bcell_candidates.csv	2026-08-21 19:37:51.6735507590	134	abubakar	abubakar
data/processed/epitopes/cd2v_extracellular.txt	2026-08-21 19:22:54.7593396520	386	abubakar	abubakar
data/processed/epitopes/cd2v_extracellular_domain.txt	2026-08-21 19:24:12.1017588760	221	abubakar	abubakar
data/processed/epitopes/cd2v_sequence.txt	2026-08-21 19:22:54.7483394560	386	abubakar	abubakar
data/processed/epitopes/check_kenyan_alleles.py	2026-08-23 14:40:18.2193545020	799	abubakar	abubakar
data/processed/epitopes/combined_panel_final.csv	2026-08-20 15:31:51.5576635700	417	abubakar	abubakar
data/processed/epitopes/combined_panel_for_construct.csv	2026-08-20 15:31:41.3023975140	424	abubakar	abubakar
data/processed/epitopes/construct_entry_qc.py	2026-08-20 15:31:40.6603808510	2443	abubakar	abubakar
data/processed/epitopes/core_panel_11_FINAL.csv	2026-08-22 22:12:46.6449425550	1271	abubakar	abubakar
data/processed/epitopes/core_panel_11_epitopes.csv	2026-08-22 17:40:09.1158335720	1116	abubakar	abubakar
data/processed/epitopes/ctl_allele_coverage_verified.csv	2026-08-20 15:02:20.7669561520	12788	abubakar	abubakar
data/processed/epitopes/ctl_allele_only.txt	2026-08-20 15:06:38.5373889510	67	abubakar	abubakar
data/processed/epitopes/ctl_allele_peptides.txt	2026-08-20 15:06:38.5283887280	2717	abubakar	abubakar
data/processed/epitopes/ctl_apply_filters.py	2026-08-20 15:23:47.4428133910	846	abubakar	abubakar
data/processed/epitopes/ctl_audit_log.csv	2026-08-20 14:20:27.5598547740	60	abubakar	abubakar
data/processed/epitopes/ctl_candidates_combined.csv	2026-08-20 15:12:09.1005837010	12279	abubakar	abubakar
data/processed/epitopes/ctl_clean_only.txt	2026-08-20 15:06:38.5413890510	0	abubakar	abubakar
data/processed/epitopes/ctl_clean_peptides.txt	2026-08-20 15:06:38.5153884040	2650	abubakar	abubakar
data/processed/epitopes/ctl_cluster.py	2026-08-20 15:10:45.8495239730	2433	abubakar	abubakar
data/processed/epitopes/ctl_cluster_final.py	2026-08-20 15:12:18.2048088210	2886	abubakar	abubakar
data/processed/epitopes/ctl_cluster_representatives.csv	2026-08-20 15:17:23.5223464960	12538	abubakar	abubakar
data/processed/epitopes/ctl_cluster_v2.py	2026-08-20 15:11:21.7474124060	2918	abubakar	abubakar
data/processed/epitopes/ctl_clusters.csv	2026-08-20 15:11:22.3594275490	1	abubakar	abubakar
data/processed/epitopes/ctl_clusters_final.csv	2026-08-20 15:12:18.9858281320	6312	abubakar	abubakar
data/processed/epitopes/ctl_conservation.csv	2026-08-20 14:55:57.4522594860	5299	abubakar	abubakar
data/processed/epitopes/ctl_conservation_30.csv	2026-08-20 14:57:34.6407387120	29	abubakar	abubakar
data/processed/epitopes/ctl_conservation_40.csv	2026-08-20 14:57:34.6287384070	29	abubakar	abubakar
data/processed/epitopes/ctl_conservation_corrected.csv	2026-08-20 14:58:13.6777299340	5390	abubakar	abubakar
data/processed/epitopes/ctl_conservation_filtered.csv	2026-08-20 14:56:11.1716105310	29	abubakar	abubakar
data/processed/epitopes/ctl_conservation_high.csv	2026-08-20 14:56:11.1946111190	29	abubakar	abubakar
data/processed/epitopes/ctl_conservation_ref.csv	2026-08-20 14:58:29.6551349410	5835	abubakar	abubakar
data/processed/epitopes/ctl_coordinate_audit.py	2026-08-20 15:26:52.3538056360	938	abubakar	abubakar
data/processed/epitopes/ctl_coordinates.csv	2026-08-21 19:01:26.9577215130	224	abubakar	abubakar
data/processed/epitopes/ctl_final_candidates_filtered.csv	2026-08-20 15:23:48.1438325820	1860	abubakar	abubakar
data/processed/epitopes/ctl_final_ranking.py	2026-08-20 15:19:39.6357013080	1751	abubakar	abubakar
data/processed/epitopes/ctl_linker_review.txt	2026-08-20 15:46:13.4426084300	1600	abubakar	abubakar
data/processed/epitopes/ctl_master_peptides.txt	2026-08-20 15:06:56.2028281580	4301	abubakar	abubakar
data/processed/epitopes/ctl_peptide_allele_summary.csv	2026-08-20 15:02:44.3775475640	10918	abubakar	abubakar
data/processed/epitopes/ctl_peptides_9mers.txt	2026-08-20 14:21:32.4685497370	7598	abubakar	abubakar
data/processed/epitopes/ctl_peptides_9mers_only.txt	2026-08-20 14:24:32.2861772390	7443	abubakar	abubakar
data/processed/epitopes/ctl_peptides_all.txt	2026-08-20 14:14:38.4196175730	8066	abubakar	abubakar
data/processed/epitopes/ctl_peptides_clean.txt	2026-08-20 14:24:35.7622658560	4210	abubakar	abubakar
data/processed/epitopes/ctl_peptides_clean_final.txt	2026-08-20 14:24:59.7598768900	0	abubakar	abubakar
data/processed/epitopes/ctl_peptides_clean_seqs.txt	2026-08-20 14:24:32.3071777750	2650	abubakar	abubakar
data/processed/epitopes/ctl_peptides_corrected.txt	2026-08-20 14:15:44.0372341240	8066	abubakar	abubakar
data/processed/epitopes/ctl_peptides_direct.txt	2026-08-20 14:24:59.4678694630	0	abubakar	abubakar
data/processed/epitopes/ctl_peptides_temp.txt	2026-08-20 14:24:32.2781770350	7534	abubakar	abubakar
data/processed/epitopes/ctl_peptides_unique_9mers.txt	2026-08-20 14:24:32.2991775710	4210	abubakar	abubakar
data/processed/epitopes/ctl_peptides_verified.txt	2026-08-20 14:25:44.9340237110	4210	abubakar	abubakar
data/processed/epitopes/ctl_peptides_with_alleles.txt	2026-08-20 15:02:38.5094006240	4301	abubakar	abubakar
data/processed/epitopes/ctl_protein_normalized.py	2026-08-20 15:26:39.9114736490	1364	abubakar	abubakar
data/processed/epitopes/ctl_ranked_all.csv	2026-08-20 15:19:40.3047177910	22379	abubakar	abubakar
data/processed/epitopes/ctl_regional_collapse.py	2026-08-20 15:23:23.2372076890	2475	abubakar	abubakar
data/processed/epitopes/ctl_top50_candidates.csv	2026-08-20 15:19:40.3067178400	5348	abubakar	abubakar
data/processed/epitopes/data/asfv_peptides/CD2v_9mers.txt	2026-08-24 13:15:04.5490353960	3520	abubakar	abubakar
data/processed/epitopes/data/asfv_peptides/asfv_9mers_combined.fasta	2026-08-24 13:15:04.5800361730	97923	abubakar	abubakar
data/processed/epitopes/data/asfv_peptides/batches/asfv_9mers_batch_01.fasta	2026-08-24 14:47:58.2726075210	10892	abubakar	abubakar
data/processed/epitopes/data/asfv_peptides/batches/asfv_9mers_batch_02.fasta	2026-08-24 14:47:58.2726075210	11225	abubakar	abubakar
data/processed/epitopes/data/asfv_peptides/batches/asfv_9mers_batch_03.fasta	2026-08-24 14:47:58.2726075210	10991	abubakar	abubakar
data/processed/epitopes/data/asfv_peptides/batches/asfv_9mers_batch_04.fasta	2026-08-24 14:47:58.2736075460	12000	abubakar	abubakar
data/processed/epitopes/data/asfv_peptides/batches/asfv_9mers_batch_05.fasta	2026-08-24 14:47:58.2736075460	12149	abubakar	abubakar
data/processed/epitopes/data/asfv_peptides/batches/asfv_9mers_batch_06.fasta	2026-08-24 14:47:58.2736075460	12500	abubakar	abubakar
data/processed/epitopes/data/asfv_peptides/batches/asfv_9mers_batch_07.fasta	2026-08-24 14:47:58.2736075460	12500	abubakar	abubakar
data/processed/epitopes/data/asfv_peptides/batches/asfv_9mers_batch_08.fasta	2026-08-24 14:47:58.2746075710	12572	abubakar	abubakar
data/processed/epitopes/data/asfv_peptides/batches/asfv_9mers_batch_09.fasta	2026-08-24 14:47:58.2746075710	3094	abubakar	abubakar
data/processed/epitopes/data/asfv_peptides/p30_9mers.txt	2026-08-24 13:15:04.5490353960	1860	abubakar	abubakar
data/processed/epitopes/data/asfv_peptides/p54_9mers.txt	2026-08-24 13:15:04.5540355210	1760	abubakar	abubakar
data/processed/epitopes/data/asfv_peptides/p72_9mers.txt	2026-08-24 13:15:04.5490353960	6380	abubakar	abubakar
data/processed/epitopes/data/asfv_peptides/pCP312R_9mers.txt	2026-08-24 13:15:04.5740360230	2990	abubakar	abubakar
data/processed/epitopes/data/asfv_peptides/pp220_9mers.txt	2026-08-24 13:15:04.5730359980	24680	abubakar	abubakar
data/processed/epitopes/data/asfv_sequences/B646L_sequence.fasta	2026-08-24 13:08:28.0650986900	701	abubakar	abubakar
data/processed/epitopes/data/asfv_sequences/CP204L_sequence.fasta	2026-08-24 13:08:28.1511008440	251	abubakar	abubakar
data/processed/epitopes/data/asfv_sequences/CP2475L_sequence.fasta	2026-08-24 13:08:28.2271027480	2535	abubakar	abubakar
data/processed/epitopes/data/asfv_sequences/CP312R_sequence.fasta	2026-08-24 13:08:28.2671037500	364	abubakar	abubakar
data/processed/epitopes/data/asfv_sequences/E183L_sequence.fasta	2026-08-24 13:08:28.1821016210	239	abubakar	abubakar
data/processed/epitopes/data/asfv_sequences/EP402R_sequence.fasta	2026-08-24 13:08:28.1181000170	417	abubakar	abubakar
data/processed/epitopes/data/curated/sla_evidence.json	2026-08-23 15:43:07.6586512800	1012	abubakar	abubakar
data/processed/epitopes/data/predictions/netmhcpan/peptides.fasta	2026-08-23 15:43:37.6574670310	63	abubakar	abubakar
data/processed/epitopes/data/predictions/netmhcpan/sla_sequences.fasta	2026-08-23 15:43:37.6574670310	0	abubakar	abubakar
data/processed/epitopes/data/raw/genbank/KT351008.fasta	2026-08-23 16:34:55.5424640180	389	abubakar	abubakar
data/processed/epitopes/data/raw/genbank/KT351008.gb	2026-08-23 16:56:19.2382181580	2339	abubakar	abubakar
data/processed/epitopes/data/raw/ipd_mhc/MHC_prot.fasta	2026-08-23 16:24:56.8815321660	3741574	abubakar	abubakar
data/processed/epitopes/data/raw/netmhcpan_allele_list.txt	2026-08-24 13:23:36.7098780160	0	abubakar	abubakar
data/processed/epitopes/data/raw/paper_supplementary/sorensen_2017.pdf	2017-06-14 17:49:36.0000000000	1013899	abubakar	abubakar
data/processed/epitopes/data/raw/paper_supplementary/sorensen_2017_supplement.pdf	2026-08-23 22:26:56.7427862560	0	abubakar	abubakar
data/processed/epitopes/data/validated/recovered_sequences/SLA-1*22:01_342328712.gb	2026-08-23 23:11:48.7500524760	3208	abubakar	abubakar
data/processed/epitopes/data/validated/recovered_sequences/SLA-1*22:01_partial.fasta	2026-08-23 23:12:05.4374733660	239	abubakar	abubakar
data/processed/epitopes/data/validated/recovered_sequences/SLA-2*06:14_3364950622.gb	2026-08-23 23:16:17.9098319260	41029509	abubakar	abubakar
data/processed/epitopes/data/validated/recovered_sequences/SLA-2*06:14_3364997956.gb	2026-08-23 23:16:05.9105300550	42731344	abubakar	abubakar
data/processed/epitopes/data/validated/recovered_sequences/SLA-2*06:14_3365051134.gb	2026-08-23 23:15:49.2091098410	44445423	abubakar	abubakar
data/processed/epitopes/data/validated/recovered_sequences/SLA-2*06:14_partial.fasta	2026-08-23 23:12:05.4504736940	238	abubakar	abubakar
data/processed/epitopes/data/validated/recovered_sequences/SLA-2*06:15_3364950622.gb	2026-08-23 23:17:02.9659651780	41029509	abubakar	abubakar
data/processed/epitopes/data/validated/recovered_sequences/SLA-2*06:15_3364997956.gb	2026-08-23 23:16:48.7626079770	42731344	abubakar	abubakar
data/processed/epitopes/data/validated/recovered_sequences/SLA-2*06:15_3365051134.gb	2026-08-23 23:16:34.8572582330	44445423	abubakar	abubakar
data/processed/epitopes/data/validated/recovered_sequences/SLA-2*06:15_partial.fasta	2026-08-23 23:12:05.4624739960	238	abubakar	abubakar
data/processed/epitopes/data/validated/recovered_sequences/SLA-2*10:08_3364950622.gb	2026-08-23 23:17:34.8967680840	41029509	abubakar	abubakar
data/processed/epitopes/data/validated/recovered_sequences/SLA-2*10:08_3365051134.gb	2026-08-23 23:17:21.1794231800	44445423	abubakar	abubakar
data/processed/epitopes/data/validated/recovered_sequences/SLA-2*10:08_partial.fasta	2026-08-23 23:12:05.4704741980	238	abubakar	abubakar
data/processed/epitopes/data/validated/recovered_sequences/investigation_manifest.csv	2026-08-23 23:11:05.7639678590	232	abubakar	abubakar
data/processed/epitopes/data/verified/kenyan_sla/HP_F0_FINAL_STATUS.txt	2026-08-23 22:58:41.7632018110	2227	abubakar	abubakar
data/processed/epitopes/data/verified/kenyan_sla/HP_F0_LOCKED_STATUS.txt	2026-08-23 23:02:20.9986743320	1217	abubakar	abubakar
data/processed/epitopes/data/verified/kenyan_sla/KENYAN_SLA_SEQUENCE_AUDIT_LOCKED.txt	2026-08-23 23:26:18.0919058870	2464	abubakar	abubakar
data/processed/epitopes/data/verified/kenyan_sla/allele_mapping.csv	2026-08-23 16:04:17.5006442220	581	abubakar	abubakar
data/processed/epitopes/data/verified/kenyan_sla/allele_status_classification.csv	2026-08-23 16:25:14.3819671130	1095	abubakar	abubakar
data/processed/epitopes/data/verified/kenyan_sla/evidence_ladder.csv	2026-08-23 17:02:57.0480419400	2314	abubakar	abubakar
data/processed/epitopes/data/verified/kenyan_sla/haplotypes_verified.csv	2026-08-23 16:01:41.8436849440	515	abubakar	abubakar
data/processed/epitopes/data/verified/kenyan_sla/hp_f0_status_final.csv	2026-08-23 16:36:04.6011911350	421	abubakar	abubakar
data/processed/epitopes/data/verified/kenyan_sla/hp_f0_status_gate.txt	2026-08-23 16:59:28.9958944950	289	abubakar	abubakar
data/processed/epitopes/data/verified/kenyan_sla/hp_f0_validation.json	2026-08-23 16:47:43.2746697790	6617	abubakar	abubakar
data/processed/epitopes/data/verified/kenyan_sla/ipd_search_results.json	2026-08-23 16:27:02.4106547110	2992	abubakar	abubakar
data/processed/epitopes/data/verified/kenyan_sla/kenyan_alleles.fasta	2026-08-23 16:27:31.2713734420	500	abubakar	abubakar
data/processed/epitopes/data/verified/kenyan_sla/preflight_validation.json	2026-08-23 23:45:39.5528483460	428	abubakar	abubakar
data/processed/epitopes/data/verified/kenyan_sla/provenance_audit_checklist.txt	2026-08-23 23:31:42.4890418470	793	abubakar	abubakar
data/processed/epitopes/data/verified/kenyan_sla/provenance_tracker.csv	2026-08-23 16:34:41.9741247530	1177	abubakar	abubakar
data/processed/epitopes/data/verified/kenyan_sla/sequence_qc_report.txt	2026-08-23 23:43:15.8626728310	1606	abubakar	abubakar
data/processed/epitopes/data/verified/kenyan_sla/sla_sequences.fasta	2026-08-23 16:02:12.8144734720	0	abubakar	abubakar
data/processed/epitopes/data/verified/kenyan_sla/sla_sequences.json	2026-08-23 16:02:12.8134734460	2	abubakar	abubakar
data/processed/epitopes/data/verified/kenyan_sla/validated_kenyan_SLA_MHC_I.fasta	2026-08-23 23:42:49.1688824860	1835	abubakar	abubakar
data/processed/epitopes/data/verified/kenyan_sla/validated_kenyan_SLA_MHC_I.tsv	2026-08-23 23:43:03.2132989430	371	abubakar	abubakar
data/processed/epitopes/data/verified/kenyan_sla/validated_sequences.json	2026-08-23 23:42:18.5309689320	3898	abubakar	abubakar
data/processed/epitopes/data/verified/reference_alleles/README.txt	2026-08-23 22:42:20.7277338960	531	abubakar	abubakar
data/processed/epitopes/data/verified/sla/sla_sequences.json	2026-08-23 15:43:37.6544669490	2	abubakar	abubakar
data/processed/epitopes/data/verified/sla/sla_sequences_validated.json	2026-08-23 15:43:37.6564670040	2	abubakar	abubakar
data/processed/epitopes/data/verified/validated_alleles/AUDIT_LOG.txt	2026-08-23 23:04:20.7547071540	712	abubakar	abubakar
data/processed/epitopes/data/verified/validated_alleles/manifest.json	2026-08-23 23:05:04.0288081320	1819	abubakar	abubakar
data/processed/epitopes/dataset_definitions.txt	2026-08-22 22:36:17.3251173680	1196	abubakar	abubakar
data/processed/epitopes/dataset_provenance_template.csv	2026-08-22 22:36:59.5652565150	102	abubakar	abubakar
data/processed/epitopes/dataset_qc_checklist.txt	2026-08-22 22:36:31.8975108850	1197	abubakar	abubakar
data/processed/epitopes/datasets/ctl/ctl_training_positives_raw.csv	2026-08-22 23:22:50.1211227780	0	abubakar	abubakar
data/processed/epitopes/datasets/ctl/final/X_test.npy	2026-08-23 12:01:57.5653491690	26314	abubakar	abubakar
data/processed/epitopes/datasets/ctl/final/X_train.npy	2026-08-23 12:01:57.5613490700	117119	abubakar	abubakar
data/processed/epitopes/datasets/ctl/final/X_val.npy	2026-08-23 12:01:57.5643491440	25079	abubakar	abubakar
data/processed/epitopes/datasets/ctl/final/best_model.joblib	2026-08-23 12:04:26.7400439430	1207545	abubakar	abubakar
data/processed/epitopes/datasets/ctl/final/candidate_ml_scores.csv	2026-08-23 12:08:16.7467408800	192	abubakar	abubakar
data/processed/epitopes/datasets/ctl/final/ctl_dataset_split.csv	2026-08-23 12:01:03.3220056830	20078	abubakar	abubakar
data/processed/epitopes/datasets/ctl/final/ctl_features.csv	2026-08-23 12:01:57.5573489710	455510	abubakar	abubakar
data/processed/epitopes/datasets/ctl/final/ctl_training_dataset_v1.csv	2026-08-23 11:51:37.2769869620	17070	abubakar	abubakar
data/processed/epitopes/datasets/ctl/final/ml_results.csv	2026-08-23 12:04:26.6990429280	706	abubakar	abubakar
data/processed/epitopes/datasets/ctl/final/scaler.joblib	2026-08-23 12:04:26.7410439680	3557	abubakar	abubakar
data/processed/epitopes/datasets/ctl/final/y_test.npy	2026-08-23 12:01:57.5663491940	800	abubakar	abubakar
data/processed/epitopes/datasets/ctl/final/y_train.npy	2026-08-23 12:01:57.5633491190	3144	abubakar	abubakar
data/processed/epitopes/datasets/ctl/final/y_val.npy	2026-08-23 12:01:57.5643491440	768	abubakar	abubakar
data/processed/epitopes/datasets/ctl/qc/asfv_positive_sequences.csv	2026-08-23 11:51:23.0296341460	18095	abubakar	abubakar
data/processed/epitopes/datasets/ctl/qc/hard_negatives.csv	2026-08-23 11:45:37.6600824360	19732	abubakar	abubakar
data/processed/epitopes/datasets/ctl/qc/sequence_clusters.json	2026-08-23 11:55:26.2616577530	16943	abubakar	abubakar
data/processed/epitopes/datasets/ctl/qc/toxinpred2_results_backup.csv	2026-08-23 13:49:32.4677435440	610	abubakar	abubakar
data/processed/epitopes/datasets/ctl/raw/iedb_sla_tcell_raw.csv	2026-08-23 11:44:02.4337249470	2066013	abubakar	abubakar
data/processed/epitopes/datasets/ctl/raw/iedb_sla_tcell_raw_cleaned.csv	2026-08-23 11:51:11.4253467830	2061743	abubakar	abubakar
data/processed/epitopes/domain_linker_review.txt	2026-08-20 15:47:10.9610567200	1236	abubakar	abubakar
data/processed/epitopes/epitope_coordinates.csv	2026-08-21 19:48:53.9194025210	503	abubakar	abubakar
data/processed/epitopes/epitopes_for_screening.fasta	2026-08-21 22:26:32.9521856790	678	abubakar	abubakar
data/processed/epitopes/experimental_evidence_summary.txt	2026-08-22 11:47:13.4396131820	3923	abubakar	abubakar
data/processed/epitopes/exploratory_panel_4_FINAL.csv	2026-08-22 22:13:13.4546332520	581	abubakar	abubakar
data/processed/epitopes/exploratory_panel_4_candidates.csv	2026-08-22 17:40:24.3702224130	426	abubakar	abubakar
data/processed/epitopes/frozen_panel_manifest_v1.0.csv	2026-08-23 14:00:27.1276850550	1001	abubakar	abubakar
data/processed/epitopes/htl_affinity_summary.csv	2026-08-20 13:04:24.8455330890	363	abubakar	abubakar
data/processed/epitopes/htl_analysis_snapshot_20260820/htl_affinity_summary.csv	2026-08-20 13:11:54.5184735940	363	abubakar	abubakar
data/processed/epitopes/htl_analysis_snapshot_20260820/htl_audit_master_clean.csv	2026-08-20 13:11:54.4864727450	352426	abubakar	abubakar
data/processed/epitopes/htl_analysis_snapshot_20260820/htl_clusters_final.csv	2026-08-20 13:11:54.5364740710	235476	abubakar	abubakar
data/processed/epitopes/htl_analysis_snapshot_20260820/htl_clusters_top50.csv	2026-08-20 13:11:54.5374740970	2854	abubakar	abubakar
data/processed/epitopes/htl_audit_master_clean.csv	2026-08-20 13:03:28.0110204540	352426	abubakar	abubakar
data/processed/epitopes/htl_audit_master_clean.xlsx	2026-08-20 13:03:28.7540402360	185748	abubakar	abubakar
data/processed/epitopes/htl_clusters.csv	2026-08-20 12:48:38.0890650600	103833	abubakar	abubakar
data/processed/epitopes/htl_clusters_final.csv	2026-08-20 12:57:36.6526392650	235476	abubakar	abubakar
data/processed/epitopes/htl_clusters_top50.csv	2026-08-20 12:57:36.6716397740	2854	abubakar	abubakar
data/processed/epitopes/htl_excluded_candidates.csv	2026-08-20 13:39:10.8627874800	391	abubakar	abubakar
data/processed/epitopes/htl_final_panel.csv	2026-08-20 13:15:50.1147174260	243	abubakar	abubakar
data/processed/epitopes/htl_final_panel_audited.csv	2026-08-20 13:25:25.9839635730	465	abubakar	abubakar
data/processed/epitopes/htl_final_panel_corrected.csv	2026-08-20 14:16:04.3677950830	369	abubakar	abubakar
data/processed/epitopes/htl_linker_review.txt	2026-08-20 15:46:26.9319481830	1586	abubakar	abubakar
data/processed/epitopes/htl_master_table.csv	2026-08-20 12:46:39.2217888020	335197	abubakar	abubakar
data/processed/epitopes/htl_master_table.xlsx	2026-08-20 12:46:39.9298084110	169819	abubakar	abubakar
data/processed/epitopes/htl_master_table_backup.csv	2026-08-20 12:47:51.4427830050	335197	abubakar	abubakar
data/processed/epitopes/htl_master_table_backup.xlsx	2026-08-20 12:47:51.4327827300	169819	abubakar	abubakar
data/processed/epitopes/htl_master_table_with_coords.csv	2026-08-20 12:55:15.8568592810	352436	abubakar	abubakar
data/processed/epitopes/htl_master_table_with_coords_and_cores.csv	2026-08-20 12:56:04.1571577670	393461	abubakar	abubakar
data/processed/epitopes/htl_raw_frozen_backup_20260820/cd2v_SLA_DRB1_02_02.xls.xlsx	2026-08-20 13:03:14.0686492160	28458	abubakar	abubakar
data/processed/epitopes/htl_raw_frozen_backup_20260820/p30_SLA_DRB1_02_02.xlsx	2026-08-20 13:03:14.0686492160	19018	abubakar	abubakar
data/processed/epitopes/htl_raw_frozen_backup_20260820/p54_SLA_DRB1_02_02.xlsx	2026-08-20 13:03:14.0686492160	18688	abubakar	abubakar
data/processed/epitopes/htl_raw_frozen_backup_20260820/p72_SLA_DRB1_02_02.xls.xlsx	2026-08-20 13:03:14.0686492160	41257	abubakar	abubakar
data/processed/epitopes/htl_raw_frozen_backup_20260820/pcp312r_SLA_DRB1_02_02.xlsx	2026-08-20 13:03:14.0706492690	24190	abubakar	abubakar
data/processed/epitopes/htl_raw_frozen_backup_20260820/pp220_SLA_DRB1_02_02_15mer_batch01.xlsx	2026-08-20 13:03:14.0716492950	34774	abubakar	abubakar
data/processed/epitopes/htl_raw_frozen_backup_20260820/pp220_SLA_DRB1_02_02_15mer_batch02.xlsx	2026-08-20 13:03:14.0736493490	34668	abubakar	abubakar
data/processed/epitopes/htl_raw_frozen_backup_20260820/pp220_SLA_DRB1_02_02_15mer_batch03.xlsx	2026-08-20 13:03:14.0736493490	34749	abubakar	abubakar
data/processed/epitopes/htl_raw_frozen_backup_20260820/pp220_SLA_DRB1_02_02_15mer_batch04.xlsx	2026-08-20 13:03:14.0736493490	34650	abubakar	abubakar
data/processed/epitopes/htl_raw_frozen_backup_20260820/pp220_SLA_DRB1_02_02_15mer_batch05.xlsx	2026-08-20 13:03:14.0736493490	32937	abubakar	abubakar
data/processed/epitopes/htl_representatives_for_conservation.csv	2026-08-20 13:12:04.5707401250	236	abubakar	abubakar
data/processed/epitopes/iedb_evidence_summary.txt	2026-08-22 17:38:26.1272070920	1871	abubakar	abubakar
data/processed/epitopes/integrated_ranking_15_epitopes.csv	2026-08-23 12:11:21.9403279300	881	abubakar	abubakar
data/processed/epitopes/iupred_results_summary.txt	2026-08-22 22:08:09.4877704450	694	abubakar	abubakar
data/processed/epitopes/junctional_risk_review.txt	2026-08-20 15:47:33.3226195010	1281	abubakar	abubakar
data/processed/epitopes/kenyan_haplotypes.csv	2026-08-23 15:08:59.2504936520	641	abubakar	abubakar
data/processed/epitopes/kenyan_sla_data.txt	2026-08-23 14:38:16.8442594290	1143	abubakar	abubakar
data/processed/epitopes/kenyan_sla_frequencies.csv	2026-08-23 14:44:18.3624156690	1047	abubakar	abubakar
data/processed/epitopes/kenyan_sla_reference.csv	2026-08-23 14:50:31.8817390270	1046	abubakar	abubakar
data/processed/epitopes/linker_summary.txt	2026-08-20 15:48:02.2593475560	0	abubakar	abubakar
data/processed/epitopes/mapped_epitopes.json	2026-07-16 11:09:14.4902669400	32104	abubakar	abubakar
data/processed/epitopes/master_epitope_panel_15_final.csv	2026-08-21 19:53:49.5687201660	1229	abubakar	abubakar
data/processed/epitopes/master_epitope_panel_17.csv	2026-08-21 18:26:17.5491889100	1113	abubakar	abubakar
data/processed/epitopes/master_epitope_panel_18.csv	2026-08-21 18:29:14.2348506790	1251	abubakar	abubakar
data/processed/epitopes/master_epitope_panel_18_fixed.csv	2026-08-21 18:40:57.9920525610	1275	abubakar	abubakar
data/processed/epitopes/ml_training_dataset_plan.txt	2026-08-22 22:31:31.2507080260	890	abubakar	abubakar
data/processed/epitopes/netmhcpan_input.txt	2026-08-23 14:51:14.8528063890	151	abubakar	abubakar
data/processed/epitopes/p30/ctl/coordinate_conservation.py	2026-08-16 23:29:28.1761547590	3683	abubakar	abubakar
data/processed/epitopes/p30/ctl/map_candidates_verified.sh	2026-08-16 23:21:48.4916639840	2419	abubakar	abubakar
data/processed/epitopes/p30/ctl/map_p30_peptides.sh	2026-08-16 23:07:36.5733021900	1632	abubakar	abubakar
data/processed/epitopes/p30/ctl/map_p30_peptides_full.sh	2026-08-16 23:12:15.3393092250	1388	abubakar	abubakar
data/processed/epitopes/p30/ctl/mw856067_aligned.fasta	2026-08-16 23:21:18.9429249070	250	abubakar	abubakar
data/processed/epitopes/p30/ctl/mw856067_sequence.txt	2026-08-16 23:21:18.9679255330	194	abubakar	abubakar
data/processed/epitopes/p30/ctl/p30_15mers.tsv	2026-08-18 23:05:16.5763509910	4932	abubakar	abubakar
data/processed/epitopes/p30/ctl/p30_15mers_for_submission.txt	2026-08-18 23:09:43.6650323310	2864	abubakar	abubakar
data/processed/epitopes/p30/ctl/p30_candidate_master_table.tsv	2026-08-16 22:57:12.4094542630	2476	abubakar	abubakar
data/processed/epitopes/p30/ctl/p30_candidates_ranked.tsv	2026-08-16 22:57:30.9799312440	1314	abubakar	abubakar
data/processed/epitopes/p30/ctl/p30_candidates_with_coordinates.tsv	2026-08-16 23:07:36.8973103500	1474	abubakar	abubakar
data/processed/epitopes/p30/ctl/p30_candidates_with_coordinates_full.tsv	2026-08-16 23:12:15.7693200170	1614	abubakar	abubakar
data/processed/epitopes/p30/ctl/p30_conservation_results.tsv	2026-08-16 23:29:28.2951577320	4321	abubakar	abubakar
data/processed/epitopes/p30/ctl/p30_final_candidates.tsv	2026-08-16 23:08:08.0400944830	2928	abubakar	abubakar
data/processed/epitopes/p30/ctl/p30_final_candidates_full.tsv	2026-08-16 23:12:28.8476481960	2998	abubakar	abubakar
data/processed/epitopes/p30/ctl/p30_final_shortlist.tsv	2026-08-16 23:30:02.3196072050	75	abubakar	abubakar
data/processed/epitopes/p30/ctl/p30_mapped_final.tsv	2026-08-16 23:21:49.3656858430	2849	abubakar	abubakar
data/processed/epitopes/p30/ctl/p30_reference_verified.fasta	2026-08-16 23:21:36.0223521080	243	abubakar	abubakar
data/processed/epitopes/p30/ctl/rank_candidates.sh	2026-08-16 23:29:49.0300406710	925	abubakar	abubakar
data/processed/epitopes/p30/ctl/strong_binders/batch1_strong.txt	2026-08-16 22:42:32.3817770430	3584	abubakar	abubakar
data/processed/epitopes/p30/ctl/strong_binders/batch2_strong.txt	2026-08-16 22:42:32.3857771390	448	abubakar	abubakar
data/processed/epitopes/p30/ctl/strong_binders/p30_strong_binders_all.txt	2026-08-16 22:42:32.4057776230	4032	abubakar	abubakar
data/processed/epitopes/p30/ctl/validate_reference.sh	2026-08-16 23:21:18.8979237820	1675	abubakar	abubakar
data/processed/epitopes/p30/ctl/weak_binders/batch1_weak.txt	2026-08-16 22:42:32.3947773570	7168	abubakar	abubakar
data/processed/epitopes/p30/ctl/weak_binders/batch2_weak.txt	2026-08-16 22:42:32.4017775260	2240	abubakar	abubakar
data/processed/epitopes/p30/ctl/weak_binders/p30_weak_binders_all.txt	2026-08-16 22:42:32.4107777430	9408	abubakar	abubakar
data/processed/epitopes/p30/ctl/web_submissions/P30_CP204L_NetMHCpan_Batch01_INPUT.sha256	2026-08-16 16:13:14.1258300230	105	abubakar	abubakar
data/processed/epitopes/p30/ctl/web_submissions/P30_CP204L_NetMHCpan_Batch01_INPUT.txt	2026-08-16 16:13:54.2438897830	4943	abubakar	abubakar
data/processed/epitopes/p30/ctl/web_submissions/P30_CP204L_NetMHCpan_Batch01_INPUT_20260816_161314.txt	2026-08-16 16:13:14.1198298650	4943	abubakar	abubakar
data/processed/epitopes/p30/ctl/web_submissions/batch1_peptides.txt	2026-08-16 19:40:48.4318642680	29652	abubakar	abubakar
data/processed/epitopes/p30/ctl/web_submissions/batch1_pred.txt	2026-08-16 19:45:02.3273722880	318576	abubakar	abubakar
data/processed/epitopes/p30/ctl/web_submissions/batch1_predictions.txt	2026-08-16 19:40:48.4058635980	318576	abubakar	abubakar
data/processed/epitopes/p30/ctl/web_submissions/batch2_peptides.txt	2026-08-16 19:40:48.4448646020	16806	abubakar	abubakar
data/processed/epitopes/p30/ctl/web_submissions/batch2_pred.txt	2026-08-16 19:45:02.3663732830	151512	abubakar	abubakar
data/processed/epitopes/p30/ctl/web_submissions/batch2_predictions.txt	2026-08-16 19:40:48.4178639070	151512	abubakar	abubakar
data/processed/epitopes/p30/ctl/web_submissions/batch_01.peptides	2026-08-16 13:51:19.9983479370	4943	abubakar	abubakar
data/processed/epitopes/p30/ctl/web_submissions/batch_02.peptides	2026-08-16 13:51:19.9983479370	2801	abubakar	abubakar
data/processed/epitopes/p30/ctl/web_submissions/batch_summary.tsv	2026-08-16 13:51:20.0013480160	103	abubakar	abubakar
data/processed/epitopes/p30/ctl/web_submissions/combined_pred.txt	2026-08-16 19:45:02.3713734100	470088	abubakar	abubakar
data/processed/epitopes/p30/ctl/web_submissions/expected_batch1_exact.txt	2026-08-16 19:44:29.5435345490	4943	abubakar	abubakar
data/processed/epitopes/p30/ctl/web_submissions/netmhcpan_batch_01.tsv	2026-08-16 14:40:11.8137344350	323697	abubakar	abubakar
data/processed/epitopes/p30/ctl/web_submissions/netmhcpan_batch_01_INVALID_P72_20260816_143510.tsv	2026-08-16 14:22:55.0996062850	323610	abubakar	abubakar
data/processed/epitopes/p30/ctl/web_submissions/netmhcpan_p30_batch_01.tsv	2026-08-16 16:34:47.2519528730	324047	abubakar	abubakar
data/processed/epitopes/p30/ctl/web_submissions/netmhcpan_p30_batch_02.tsv	2026-08-16 19:37:41.0540221900	156979	abubakar	abubakar
data/processed/epitopes/p30/ctl/web_submissions/peptide_failures.txt	2026-08-16 19:41:34.1670404090	44	abubakar	abubakar
data/processed/epitopes/p30/ctl/web_submissions/peptide_manifest.tsv	2026-08-16 13:51:20.0013480160	27926	abubakar	abubakar
data/processed/epitopes/p30/ctl/web_submissions/result_batch1_exact.txt	2026-08-16 19:44:29.5615350090	4932	abubakar	abubakar
data/processed/epitopes/p30/ctl/web_submissions/submission_ready.txt	2026-08-16 16:14:29.7808284170	5052	abubakar	abubakar
data/processed/epitopes/p30/ctl/web_submissions/test_ETLKNTKLYA.txt	2026-08-16 19:54:53.4703992390	11	abubakar	abubakar
data/processed/epitopes/p30/ctl/web_submissions/test_ETLKNTKLYA_documentation.txt	2026-08-16 22:32:21.7273950200	513	abubakar	abubakar
data/processed/epitopes/p30/ctl/web_submissions/test_ETLKNTKLYA_result.tsv	2026-08-16 22:28:42.0395336920	6093	abubakar	abubakar
data/processed/epitopes/p30/ctl/web_submissions/validate_p30_result_v2.sh	2026-08-16 16:23:18.3297800410	4831	abubakar	abubakar
data/processed/epitopes/p30/htl/raw/p30_SLA_DRB1_02_02.xlsx	2026-08-20 12:28:31.6768240440	19018	abubakar	abubakar
data/processed/epitopes/p54/ctl/p54_15mers.txt	2026-08-19 22:53:27.7304648540	2752	abubakar	abubakar
data/processed/epitopes/p54/ctl/p54_all_peptides.txt	2026-08-17 11:50:02.5564006320	1780	abubakar	abubakar
data/processed/epitopes/p54/ctl/p54_clusters.tsv	2026-08-17 12:07:28.7942436810	278	abubakar	abubakar
data/processed/epitopes/p54/ctl/p54_conservation.tsv	2026-08-17 12:09:11.5064081040	449	abubakar	abubakar
data/processed/epitopes/p54/ctl/p54_mapped_candidates.tsv	2026-08-17 12:07:20.3239804270	277	abubakar	abubakar
data/processed/epitopes/p54/ctl/p54_reference.fasta	2026-08-17 11:44:47.7405478050	229	abubakar	abubakar
data/processed/epitopes/p54/ctl/p54_reference_clean.txt	2026-08-17 11:44:47.7405478050	187	abubakar	abubakar
data/processed/epitopes/p54/ctl/p54_unique_strong_peptides.txt	2026-08-17 12:07:09.5736457650	100	abubakar	abubakar
data/processed/epitopes/p54/ctl/strong_binders/p54_strong_binders_all.txt	2026-08-17 12:02:47.2372504950	1568	abubakar	abubakar
data/processed/epitopes/p54/ctl/weak_binders/p54_weak_binders_all.txt	2026-08-17 12:02:47.2422506600	5600	abubakar	abubakar
data/processed/epitopes/p54/ctl/web_submissions/netmhcpan_p54_batch_01.tsv	2026-08-17 11:58:40.5357859330	119062	abubakar	abubakar
data/processed/epitopes/p54/htl/raw/p54_SLA_DRB1_02_02.xlsx	2026-08-20 12:29:06.8127136600	18688	abubakar	abubakar
data/processed/epitopes/p72/ctl/canonical/ctl_canonical.tsv	2026-08-04 22:55:46.8414532380	362	abubakar	abubakar
data/processed/epitopes/p72/ctl/merged/ctl_candidates.tsv	2026-08-04 22:55:46.8424532620	362	abubakar	abubakar
data/processed/epitopes/p72/ctl/metadata.json	2026-08-04 22:55:46.8434532860	1028	abubakar	abubakar
data/processed/epitopes/p72/ctl/p72_15mers.txt	2026-08-19 23:08:56.7350923660	10112	abubakar	abubakar
data/processed/epitopes/p72/ctl/p72_reference_clean.txt	2026-08-19 23:08:56.7170919460	647	abubakar	abubakar
data/processed/epitopes/p72/ctl/qc_template.json	2026-08-15 12:44:24.7050402370	913	abubakar	abubakar
data/processed/epitopes/p72/ctl/raw/netmhcpan.tsv	2026-08-04 22:55:46.8394531900	80	abubakar	abubakar
data/processed/epitopes/p72/ctl/raw/netmhcpan_input.txt	2026-08-04 22:55:46.8394531900	26770	abubakar	abubakar
data/processed/epitopes/p72/ctl/raw/pigmatrix.tsv	2026-08-04 22:55:46.8414532380	73	abubakar	abubakar
data/processed/epitopes/p72/ctl/raw/pigmatrix_input.txt	2026-08-04 22:55:46.8404532140	26770	abubakar	abubakar
data/processed/epitopes/p72/ctl/web_submissions/batch_01.peptides	2026-08-15 14:06:04.3527407080	4500	abubakar	abubakar
data/processed/epitopes/p72/ctl/web_submissions/batch_02.peptides	2026-08-15 14:06:04.3537407330	4861	abubakar	abubakar
data/processed/epitopes/p72/ctl/web_submissions/batch_03.peptides	2026-08-15 14:06:04.3537407330	5223	abubakar	abubakar
data/processed/epitopes/p72/ctl/web_submissions/batch_04.peptides	2026-08-15 14:06:04.3537407330	5586	abubakar	abubakar
data/processed/epitopes/p72/ctl/web_submissions/batch_05.peptides	2026-08-15 14:06:04.3537407330	6000	abubakar	abubakar
data/processed/epitopes/p72/ctl/web_submissions/batch_06.peptides	2026-08-15 14:06:04.3537407330	600	abubakar	abubakar
data/processed/epitopes/p72/ctl/web_submissions/batch_summary.tsv	2026-08-15 14:06:04.3587408580	201	abubakar	abubakar
data/processed/epitopes/p72/ctl/web_submissions/netmhcpan_batch_01.peptide_allele.txt	2026-08-16 12:40:21.9623391110	60000	abubakar	abubakar
data/processed/epitopes/p72/ctl/web_submissions/netmhcpan_batch_01.tsv	2026-08-15 19:15:22.8435264380	323697	abubakar	abubakar
data/processed/epitopes/p72/ctl/web_submissions/netmhcpan_batch_02.peptide_allele.txt	2026-08-16 12:40:21.9773394930	60000	abubakar	abubakar
data/processed/epitopes/p72/ctl/web_submissions/netmhcpan_batch_02.tsv	2026-08-15 19:36:18.4943522690	323697	abubakar	abubakar
data/processed/epitopes/p72/ctl/web_submissions/netmhcpan_batch_03.peptide_allele.txt	2026-08-16 12:40:21.9923398740	60000	abubakar	abubakar
data/processed/epitopes/p72/ctl/web_submissions/netmhcpan_batch_03.tsv	2026-08-15 19:45:12.3886798460	323695	abubakar	abubakar
data/processed/epitopes/p72/ctl/web_submissions/netmhcpan_batch_04.peptide_allele.txt	2026-08-16 12:40:22.0113403570	60000	abubakar	abubakar
data/processed/epitopes/p72/ctl/web_submissions/netmhcpan_batch_04.tsv	2026-08-16 12:09:26.8338683400	323697	abubakar	abubakar
data/processed/epitopes/p72/ctl/web_submissions/netmhcpan_batch_05.peptide_allele.txt	2026-08-16 12:40:22.0273407640	60000	abubakar	abubakar
data/processed/epitopes/p72/ctl/web_submissions/netmhcpan_batch_05.tsv	2026-08-16 12:16:57.5461636180	323695	abubakar	abubakar
data/processed/epitopes/p72/ctl/web_submissions/netmhcpan_batch_06.peptide_allele.txt	2026-08-16 12:40:22.0453412220	60000	abubakar	abubakar
data/processed/epitopes/p72/ctl/web_submissions/netmhcpan_batch_06.tsv	2026-08-16 12:21:46.5337546970	323697	abubakar	abubakar
data/processed/epitopes/p72/ctl/web_submissions/netmhcpan_p72_merged.tsv	2026-08-16 12:48:54.3571281460	318858	abubakar	abubakar
data/processed/epitopes/p72/ctl/web_submissions/p72_candidates.tsv	2026-08-16 13:12:46.4301592480	617	abubakar	abubakar
data/processed/epitopes/p72/ctl/web_submissions/p72_shortlist.tsv	2026-08-16 13:37:56.5544845940	560	abubakar	abubakar
data/processed/epitopes/p72/ctl/web_submissions/p72_strong_binders.tsv	2026-08-16 12:55:50.5713391570	224	abubakar	abubakar
data/processed/epitopes/p72/ctl/web_submissions/peptide_manifest.tsv	2026-08-15 14:06:04.3587408580	97595	abubakar	abubakar
data/processed/epitopes/p72/htl/raw/p72_SLA_DRB1_02_02.xls.xlsx	2026-08-20 12:28:49.2392687190	41257	abubakar	abubakar
data/processed/epitopes/p72/input/protein.fasta	2026-08-04 22:39:57.3059812950	6026	abubakar	abubakar
data/processed/epitopes/p72/metadata/manifest.json	2026-08-04 22:55:46.8434532860	1185	abubakar	abubakar
data/processed/epitopes/p72/metadata/protein_summary.json	2026-08-04 22:39:57.3039812480	349	abubakar	abubakar
data/processed/epitopes/p72/p72_source_metrics.tsv	2026-08-17 17:12:18.5821529520	122	abubakar	abubakar
data/processed/epitopes/p72/p72_source_metrics_fixed.tsv	2026-08-17 17:13:30.3958794130	142	abubakar	abubakar
data/processed/epitopes/p72/qc/sequence_qc.json	2026-08-04 22:39:57.3039812480	834	abubakar	abubakar
data/processed/epitopes/panel_master_FINAL_15.csv	2026-08-22 22:13:27.8320034750	1947	abubakar	abubakar
data/processed/epitopes/panel_provenance.json	2026-08-21 19:13:58.9877698470	512	abubakar	abubakar
data/processed/epitopes/panel_v1.1_integrated_qc.csv	2026-08-22 11:48:40.8153919180	2016	abubakar	abubakar
data/processed/epitopes/panel_v1.2_final_decisions_corrected.csv	2026-08-22 15:28:38.1507457380	3223	abubakar	abubakar
data/processed/epitopes/panel_v1.2_refined_decisions.csv	2026-08-22 15:36:08.5011562560	2643	abubakar	abubakar
data/processed/epitopes/panel_v1.3_corrected_decisions.csv	2026-08-22 15:42:21.2656029930	2953	abubakar	abubakar
data/processed/epitopes/panel_v1.4_final_corrected.csv	2026-08-22 16:13:13.4680722440	3057	abubakar	abubakar
data/processed/epitopes/pareto_analysis_complete.csv	2026-08-25 11:50:05.5182245590	2122	abubakar	abubakar
data/processed/epitopes/pareto_non_dominated_panels.csv	2026-08-25 11:50:05.5202246100	604	abubakar	abubakar
data/processed/epitopes/pareto_optimization_results.csv	2026-08-23 13:30:15.5243375320	9871	abubakar	abubakar
data/processed/epitopes/pareto_reconstructed_results.csv	2026-08-25 11:29:06.4726512840	1584	abubakar	abubakar
data/processed/epitopes/pcp312r/ctl/pcp312r_15mers.txt	2026-08-19 22:53:27.7734658490	4560	abubakar	abubakar
data/processed/epitopes/pcp312r/ctl/pcp312r_all_peptides.txt	2026-08-17 12:38:56.6604784710	2910	abubakar	abubakar
data/processed/epitopes/pcp312r/ctl/pcp312r_conservation.tsv	2026-08-17 12:59:13.5923061080	1048	abubakar	abubakar
data/processed/epitopes/pcp312r/ctl/pcp312r_final_master.tsv	2026-08-17 13:45:10.3354577060	304	abubakar	abubakar
data/processed/epitopes/pcp312r/ctl/pcp312r_mapped.tsv	2026-08-17 12:53:04.7173151160	636	abubakar	abubakar
data/processed/epitopes/pcp312r/ctl/pcp312r_mapped_fixed.tsv	2026-08-17 12:55:58.4039676710	926	abubakar	abubakar
data/processed/epitopes/pcp312r/ctl/pcp312r_ranked.tsv	2026-08-17 12:59:31.2557081380	1092	abubakar	abubakar
data/processed/epitopes/pcp312r/ctl/pcp312r_reference.fasta	2026-08-17 12:31:40.0060840890	353	abubakar	abubakar
data/processed/epitopes/pcp312r/ctl/pcp312r_reference_clean.txt	2026-08-17 12:38:56.6314777610	300	abubakar	abubakar
data/processed/epitopes/pcp312r/ctl/pcp312r_reference_clean_fixed.txt	2026-08-17 12:33:56.3402513640	300	abubakar	abubakar
data/processed/epitopes/pcp312r/ctl/pcp312r_unique_strong.txt	2026-08-17 12:52:03.4220876070	200	abubakar	abubakar
data/processed/epitopes/pcp312r/ctl/pcp312r_x154_provenance.txt	2026-08-17 12:52:11.5272477960	716	abubakar	abubakar
data/processed/epitopes/pcp312r/ctl/strong_binders/pcp312r_strong_binders_all.txt	2026-08-17 12:52:03.3690865610	3920	abubakar	abubakar
data/processed/epitopes/pcp312r/ctl/weak_binders/pcp312r_weak_binders_all.txt	2026-08-17 12:52:03.3770867190	7504	abubakar	abubakar
data/processed/epitopes/pcp312r/ctl/web_submissions/netmhcpan_pcp312r_batch_01.tsv	2026-08-17 12:46:56.1044216180	191161	abubakar	abubakar
data/processed/epitopes/pcp312r/htl/raw/pcp312r_SLA_DRB1_02_02.xlsx	2026-08-20 12:29:17.5239848550	24190	abubakar	abubakar
data/processed/epitopes/pepmatch_results.csv	2026-08-22 23:11:11.1684324490	223	abubakar	abubakar
data/processed/epitopes/pig_proteome_local_similarity.csv	2026-08-22 00:11:45.4849772980	1712	abubakar	abubakar
data/processed/epitopes/pig_proteome_similarity_results.csv	2026-08-21 22:37:00.3113726970	698	abubakar	abubakar
data/processed/epitopes/pp220 chunk 1raw_output.csv	2026-08-21 12:01:44.3077399790	135428	abubakar	abubakar
data/processed/epitopes/pp220 chunk 2raw_output.csv	2026-08-21 12:01:49.7278458660	46313	abubakar	abubakar
data/processed/epitopes/pp220 chunk 3 raw_output.csv	2026-08-21 12:04:17.6258010300	46157	abubakar	abubakar
data/processed/epitopes/pp220/ctl/pp220_15mers.txt	2026-08-19 22:53:28.1034734900	39408	abubakar	abubakar
data/processed/epitopes/pp220/ctl/pp220_all_peptides.txt	2026-08-17 14:10:01.9764451750	24690	abubakar	abubakar
data/processed/epitopes/pp220/ctl/pp220_all_predictions.tsv	2026-08-17 15:16:52.1580671920	1604386	abubakar	abubakar
data/processed/epitopes/pp220/ctl/pp220_batch_01.txt	2026-08-17 14:10:02.1384488590	5000	abubakar	abubakar
data/processed/epitopes/pp220/ctl/pp220_batch_02.txt	2026-08-17 14:10:02.1404489050	5000	abubakar	abubakar
data/processed/epitopes/pp220/ctl/pp220_batch_03.txt	2026-08-17 14:10:02.1404489050	5000	abubakar	abubakar
data/processed/epitopes/pp220/ctl/pp220_batch_04.txt	2026-08-17 14:10:02.1404489050	5000	abubakar	abubakar
data/processed/epitopes/pp220/ctl/pp220_batch_05.txt	2026-08-17 14:10:02.1404489050	4690	abubakar	abubakar
data/processed/epitopes/pp220/ctl/pp220_conservation_all.tsv	2026-08-17 15:26:29.4123785110	7975	abubakar	abubakar
data/processed/epitopes/pp220/ctl/pp220_conservation_top20.tsv	2026-08-17 15:22:49.8329371870	878	abubakar	abubakar
data/processed/epitopes/pp220/ctl/pp220_final_shortlist.tsv	2026-08-17 15:26:47.2978216350	5056	abubakar	abubakar
data/processed/epitopes/pp220/ctl/pp220_mapped.tsv	2026-08-17 15:21:10.2934696940	5068	abubakar	abubakar
data/processed/epitopes/pp220/ctl/pp220_reference.fasta	2026-08-17 14:09:51.8102142220	2536	abubakar	abubakar
data/processed/epitopes/pp220/ctl/pp220_reference_clean.txt	2026-08-17 14:09:51.8222144940	2478	abubakar	abubakar
data/processed/epitopes/pp220/ctl/pp220_unique_strong.txt	2026-08-17 15:16:52.2490694500	1990	abubakar	abubakar
data/processed/epitopes/pp220/ctl/strong_binders/pp220_strong_binders_all.txt	2026-08-17 15:16:52.2180686810	38864	abubakar	abubakar
data/processed/epitopes/pp220/ctl/weak_binders/pp220_weak_binders_all.txt	2026-08-17 15:16:52.2260688800	86464	abubakar	abubakar
data/processed/epitopes/pp220/ctl/web_submissions/netmhcpan_pp220_batch_01.tsv	2026-08-17 15:06:32.8956905950	324654	abubakar	abubakar
data/processed/epitopes/pp220/ctl/web_submissions/netmhcpan_pp220_batch_02.tsv	2026-08-17 15:06:42.7659343000	325001	abubakar	abubakar
data/processed/epitopes/pp220/ctl/web_submissions/netmhcpan_pp220_batch_03.tsv	2026-08-17 15:06:54.2932189280	324703	abubakar	abubakar
data/processed/epitopes/pp220/ctl/web_submissions/netmhcpan_pp220_batch_04.tsv	2026-08-17 15:07:06.7925275670	325008	abubakar	abubakar
data/processed/epitopes/pp220/ctl/web_submissions/netmhcpan_pp220_batch_05.tsv	2026-08-17 15:07:19.8698504940	604569	abubakar	abubakar
data/processed/epitopes/pp220/ctl/web_submissions/netmhcpan_pp220_batch_05_new.tsv	2026-08-17 15:15:37.1312050350	305020	abubakar	abubakar
data/processed/epitopes/pp220/htl/raw/pp220_SLA_DRB1_02_02_15mer_batch01.xlsx	2026-08-20 12:29:37.1774824370	34774	abubakar	abubakar
data/processed/epitopes/pp220/htl/raw/pp220_SLA_DRB1_02_02_15mer_batch02.xlsx	2026-08-20 12:29:38.4885156290	34668	abubakar	abubakar
data/processed/epitopes/pp220/htl/raw/pp220_SLA_DRB1_02_02_15mer_batch03.xlsx	2026-08-20 12:29:39.9555527700	34749	abubakar	abubakar
data/processed/epitopes/pp220/htl/raw/pp220_SLA_DRB1_02_02_15mer_batch04.xlsx	2026-08-20 12:29:41.2445854040	34650	abubakar	abubakar
data/processed/epitopes/pp220/htl/raw/pp220_SLA_DRB1_02_02_15mer_batch05.xlsx	2026-08-20 12:29:42.5036172800	32937	abubakar	abubakar
data/processed/epitopes/pp220_bepipred_full.csv	2026-08-21 12:05:13.1559392290	185305	abubakar	abubakar
data/processed/epitopes/pp220_chunks.fasta	2026-08-21 11:42:21.9685343040	2522	abubakar	abubakar
data/processed/epitopes/pp220_regional_representatives.csv	2026-08-20 15:23:23.9412250180	1273	abubakar	abubakar
data/processed/epitopes/pp220_sequence.txt	2026-08-21 11:40:47.9852870950	2478	abubakar	abubakar
data/processed/epitopes/proposal_compliance_audit.csv	2026-08-22 22:12:30.1765180540	1121	abubakar	abubakar
data/processed/epitopes/quarantined/sla_frequency_data_fabricated.csv	2026-08-23 14:34:01.2316374360	2042	abubakar	abubakar
data/processed/epitopes/quarantined/sla_frequency_search_results.md	2026-08-23 14:21:33.9292398440	1599	abubakar	abubakar
data/processed/epitopes/raw_output.csv	2026-08-21 11:19:50.9964066800	135428	abubakar	abubakar
data/processed/epitopes/results_archive_20260824/README.txt	2026-08-24 23:42:31.9898632670	820	abubakar	abubakar
data/processed/epitopes/results_archive_20260824/SLA-1_08-05_all_batches_combined.csv	2026-08-24 23:42:31.9688627210	376226	abubakar	abubakar
data/processed/epitopes/results_archive_20260824/SLA-1_08-05_batch01_raw.txt	2026-08-24 23:42:31.9388619410	425742	abubakar	abubakar
data/processed/epitopes/results_archive_20260824/SLA-1_08-05_batch02_raw.txt	2026-08-24 23:42:31.9418620190	426073	abubakar	abubakar
data/processed/epitopes/results_archive_20260824/SLA-1_08-05_batch03_raw.txt	2026-08-24 23:42:31.9448620970	425752	abubakar	abubakar
data/processed/epitopes/results_archive_20260824/SLA-1_08-05_batch04_raw.txt	2026-08-24 23:42:31.9488622010	426848	abubakar	abubakar
data/processed/epitopes/results_archive_20260824/SLA-1_08-05_batch05_raw.txt	2026-08-24 23:42:31.9518622790	426997	abubakar	abubakar
data/processed/epitopes/results_archive_20260824/SLA-1_08-05_batch06_raw.txt	2026-08-24 23:42:31.9548623570	427350	abubakar	abubakar
data/processed/epitopes/results_archive_20260824/SLA-1_08-05_batch07_raw.txt	2026-08-24 23:42:31.9578624350	427348	abubakar	abubakar
data/processed/epitopes/results_archive_20260824/SLA-1_08-05_batch08_raw.txt	2026-08-24 23:42:31.9608625130	427419	abubakar	abubakar
data/processed/epitopes/results_archive_20260824/SLA-1_08-05_batch09_raw.txt	2026-08-24 23:42:31.9628625650	102093	abubakar	abubakar
data/processed/epitopes/results_archive_20260824/SLA-1_08-05_candidate_table.csv	2026-08-24 23:42:31.9708627730	33731	abubakar	abubakar
data/processed/epitopes/results_archive_20260824/SLA-1_08-05_top20_affinity.csv	2026-08-24 23:42:31.9718627990	1920	abubakar	abubakar
data/processed/epitopes/results_archive_20260824/all_predictions_4_alleles.csv	2026-08-24 23:42:31.9768629290	1328865	abubakar	abubakar
data/processed/epitopes/results_archive_20260824/candidates_2_profiles.csv	2026-08-24 23:42:31.9768629290	164	abubakar	abubakar
data/processed/epitopes/results_archive_20260824/candidates_3_profiles.csv	2026-08-24 23:42:31.9778629550	343589	abubakar	abubakar
data/processed/epitopes/results_archive_20260824/cross_allele_binders_threshold_1000.csv	2026-08-24 23:42:31.9788629810	82	abubakar	abubakar
data/processed/epitopes/results_archive_20260824/peptide_allele_affinity_matrix.csv	2026-08-24 23:42:31.9808630330	194652	abubakar	abubakar
data/processed/epitopes/results_archive_20260824/three_profile_affinity_matrix.csv	2026-08-24 23:42:31.9818630590	343589	abubakar	abubakar
data/processed/epitopes/results_archive_20260824/three_profile_ranking_full.csv	2026-08-24 23:42:31.9838631110	760107	abubakar	abubakar
data/processed/epitopes/row2[allele_breadth],	2026-08-25 11:27:39.9874012250	0	abubakar	abubakar
data/processed/epitopes/row2[avg_conservation],	2026-08-25 11:27:40.7224201560	0	abubakar	abubakar
data/processed/epitopes/row2[avg_ml]	2026-08-25 11:27:41.5294409430	0	abubakar	abubakar
data/processed/epitopes/row2[experimental_score],	2026-08-25 11:27:41.1524312320	0	abubakar	abubakar
data/processed/epitopes/row2[unique_alleles],	2026-08-25 11:27:40.3654109610	0	abubakar	abubakar
data/processed/epitopes/scripts/11_pareto_ctl_optimization.py	2026-08-25 11:28:44.8020873090	6539	abubakar	abubakar
data/processed/epitopes/scripts/12_pareto_ctl_analysis.py	2026-08-25 11:49:43.8556655770	16270	abubakar	abubakar
data/processed/epitopes/scripts/kenyan_sla_pipeline/01_verify_literature.py	2026-08-23 15:02:24.5763707220	1017	abubakar	abubakar
data/processed/epitopes/scripts/kenyan_sla_pipeline/02_verify_sla_alleles.py	2026-08-23 15:03:38.2981891630	857	abubakar	abubakar
data/processed/epitopes/scripts/kenyan_sla_pipeline/03_retrieve_sla_sequences.py	2026-08-23 15:03:38.3011892370	721	abubakar	abubakar
data/processed/epitopes/scripts/kenyan_sla_pipeline/04_validate_sequences.py	2026-08-23 15:03:38.3041893110	975	abubakar	abubakar
data/processed/epitopes/scripts/kenyan_sla_pipeline/05_prepare_netmhcpan.py	2026-08-23 15:03:38.3061893600	1040	abubakar	abubakar
data/processed/epitopes/scripts/kenyan_sla_pipeline/06_run_netmhcpan.py	2026-08-23 15:03:38.3091894340	722	abubakar	abubakar
data/processed/epitopes/scripts/kenyan_sla_pipeline/07_parse_netmhcpan.py	2026-08-23 15:03:38.3111894830	587	abubakar	abubakar
data/processed/epitopes/scripts/kenyan_sla_pipeline/08_build_binding_matrix.py	2026-08-23 15:03:38.3141895570	309	abubakar	abubakar
data/processed/epitopes/scripts/kenyan_sla_pipeline/09_calculate_population_coverage.py	2026-08-23 15:03:38.3171896310	312	abubakar	abubakar
data/processed/epitopes/scripts/kenyan_sla_pipeline/10_calculate_haplotype_coverage.py	2026-08-23 15:09:17.4749670600	1567	abubakar	abubakar
data/processed/epitopes/scripts/kenyan_sla_pipeline/10_compare_ctl_panels.py	2026-08-23 15:03:38.3211897300	604	abubakar	abubakar
data/processed/epitopes/scripts/kenyan_sla_pipeline/11_generate_qc_report.py	2026-08-23 15:03:38.3251898290	360	abubakar	abubakar
data/processed/epitopes/scripts/kenyan_sla_pipeline/12_generate_provenance_manifest.py	2026-08-23 15:03:38.3291899270	409	abubakar	abubakar
data/processed/epitopes/scripts/kenyan_sla_pipeline/auditable_pipeline.py	2026-08-23 15:40:35.6344582500	13990	abubakar	abubakar
data/processed/epitopes/scripts/kenyan_sla_pipeline/hp_f0_validation_gate.py	2026-08-23 16:59:13.6095145650	4760	abubakar	abubakar
data/processed/epitopes/scripts/kenyan_sla_pipeline/manage_evidence.py	2026-08-23 15:40:58.5700978490	2804	abubakar	abubakar
data/processed/epitopes/scripts/kenyan_sla_pipeline/retrieve_sla_sequences.py	2026-08-23 16:01:53.1239721910	2959	abubakar	abubakar
data/processed/epitopes/scripts/kenyan_sla_pipeline/run_kenyan_sla_pipeline.py	2026-08-23 15:02:01.8658104140	1355	abubakar	abubakar
data/processed/epitopes/scripts/kenyan_sla_pipeline/search_ipd_corrected.py	2026-08-23 16:25:27.3532895770	2981	abubakar	abubakar
data/processed/epitopes/scripts/kenyan_sla_pipeline/search_ipd_detailed.py	2026-08-23 16:27:01.8786414650	4404	abubakar	abubakar
data/processed/epitopes/scripts/kenyan_sla_pipeline/search_ipd_mhc.py	2026-08-23 16:07:02.9938449440	3838	abubakar	abubakar
data/processed/epitopes/scripts/kenyan_sla_pipeline/validate_hp_f0.py	2026-08-23 16:47:23.3361873490	10114	abubakar	abubakar
data/processed/epitopes/select_representatives.py	2026-08-20 15:16:37.5892137320	3857	abubakar	abubakar
data/processed/epitopes/select_representatives_fixed.py	2026-08-20 15:17:19.1632390110	3790	abubakar	abubakar
data/processed/epitopes/sla_frequency_curation.md	2026-08-23 14:31:44.9420262080	1411	abubakar	abubakar
data/processed/epitopes/sla_frequency_evidence.csv	2026-08-23 14:56:32.7616822280	792	abubakar	abubakar
data/processed/epitopes/sla_frequency_search.md	2026-08-23 14:17:49.2199402420	1206	abubakar	abubakar
data/processed/epitopes/structural_audit.py	2026-08-20 12:44:26.1050783610	2026	abubakar	abubakar
data/processed/epitopes/toxinpred2_input.fasta	2026-08-21 22:38:35.9758214060	486	abubakar	abubakar
data/processed/epitopes/toxinpred2_results.csv	2026-08-23 13:49:15.5172937580	610	abubakar	abubakar
data/processed/epitopes/validation_review.txt	2026-08-20 15:47:43.6088783320	1249	abubakar	abubakar
data/processed/epitopes/verify_hidkniiqy.py	2026-08-23 14:17:23.7063435080	936	abubakar	abubakar
data/processed/epitopes/version_history.txt	2026-08-22 22:13:40.6103324220	1039	abubakar	abubakar
data/processed/final_audit_complete.tsv	2026-08-17 17:44:30.0692977720	1467	abubakar	abubakar
data/processed/final_candidate_selection_v5.tsv	2026-08-17 16:51:24.7572208680	2010	abubakar	abubakar
data/processed/final_construct_comparison.tsv	2026-08-17 18:00:22.4341897690	525	abubakar	abubakar
data/processed/final_validation_gate.tsv	2026-08-17 17:07:19.7400047170	1986	abubakar	abubakar
data/processed/genomes/quality_filter.json	2026-07-16 11:08:05.6482250650	3304	abubakar	abubakar
data/processed/hmmer/B646L_all_pfam.tbl	2026-07-23 11:33:29.5350013650	4825	abubakar	abubakar
data/processed/hmmer/B646L_p72_pfam.tbl	2026-07-23 11:02:55.0580879990	4087	abubakar	abubakar
data/processed/hmmer/B646L_p72_sequences_hmmer.out	2026-07-16 10:53:45.9994423580	99	abubakar	abubakar
data/processed/hmmer/CP204L_all_pfam.tbl	2026-07-23 11:33:45.7087269050	1325	abubakar	abubakar
data/processed/hmmer/CP204L_p30_pfam.tbl	2026-07-23 11:03:06.2819392530	1323	abubakar	abubakar
data/processed/hmmer/CP204L_p30_sequences_hmmer.out	2026-07-16 10:53:46.0084422540	99	abubakar	abubakar
data/processed/hmmer/CP2475L_all_pfam.tbl	2026-07-23 11:34:38.1328418260	1524	abubakar	abubakar
data/processed/hmmer/CP2475L_pp220_pfam.tbl	2026-07-23 11:03:23.3877122700	1337	abubakar	abubakar
data/processed/hmmer/CP2475L_pp220_sequences_hmmer.out	2026-07-16 10:53:46.0204421140	99	abubakar	abubakar
data/processed/hmmer/CP312R_all_pfam.tbl	2026-07-23 11:34:55.1015567450	2280	abubakar	abubakar
data/processed/hmmer/CP312R_pCP312R_pfam.tbl	2026-07-23 11:03:31.3986058590	2094	abubakar	abubakar
data/processed/hmmer/CP312R_pCP312R_sequences_hmmer.out	2026-07-16 10:53:46.0314419870	99	abubakar	abubakar
data/processed/hmmer/E183L_all_pfam.tbl	2026-07-23 11:34:03.7244219840	45145	abubakar	abubakar
data/processed/hmmer/E183L_p54_pfam.tbl	2026-07-23 11:03:42.6024569190	37029	abubakar	abubakar
data/processed/hmmer/E183L_p54_sequences_hmmer.out	2026-07-16 10:53:46.0464418130	99	abubakar	abubakar
data/processed/hmmer/EP402R_CD2v_pfam.tbl	2026-07-23 11:03:49.4563657360	3347	abubakar	abubakar
data/processed/hmmer/EP402R_CD2v_sequences_hmmer.out	2026-07-16 10:53:46.0594416620	99	abubakar	abubakar
data/processed/hmmer/EP402R_all_pfam.tbl	2026-07-23 11:34:15.0662304340	4893	abubakar	abubakar
data/processed/master_candidate_table.tsv	2026-08-17 15:38:35.6353650170	117	abubakar	abubakar
data/processed/master_candidate_table_v2.tsv	2026-08-17 15:52:49.3726507800	2036	abubakar	abubakar
data/processed/master_candidate_table_v3.tsv	2026-08-17 15:56:47.9173898800	2006	abubakar	abubakar
data/processed/master_candidate_table_v4.tsv	2026-08-17 16:32:56.5174741010	2006	abubakar	abubakar
data/processed/master_candidate_table_v5.tsv	2026-08-17 16:42:23.2358172140	2082	abubakar	abubakar
data/processed/proteins/ASFV_proteins.fasta	2026-07-16 10:26:51.6320084550	34635	abubakar	abubakar
data/processed/proteins/length_validation.json	2026-07-16 11:16:06.5564597210	2322	abubakar	abubakar
data/processed/proteins/protein_metadata.json	2026-07-16 10:26:51.6330084390	462	abubakar	abubakar
data/processed/signalp/B646L_p72_signalp.json	2026-07-16 16:07:28.9386594450	6115	abubakar	abubakar
data/processed/signalp/CP204L_p30_signalp.json	2026-07-16 16:07:31.0876338090	6083	abubakar	abubakar
data/processed/signalp/CP2475L_pp220_signalp.json	2026-07-16 16:07:32.7196143270	5539	abubakar	abubakar
data/processed/signalp/CP312R_pCP312R_signalp.json	2026-07-16 16:07:33.8876003790	6244	abubakar	abubakar
data/processed/signalp/E183L_p54_signalp.json	2026-07-16 16:07:35.9025763020	5413	abubakar	abubakar
data/processed/signalp/EP402R_CD2v_signalp.json	2026-07-16 16:07:37.4345579840	5442	abubakar	abubakar
data/processed/sla/reference_panel/README.md	2026-08-04 14:04:23.5894725570	1201	abubakar	abubakar
data/processed/sla/reference_panel/provenance.json	2026-08-04 14:07:14.1368133530	828	abubakar	abubakar
data/processed/sla/reference_panel/qc_report.json	2026-08-04 13:54:08.7038930120	142	abubakar	abubakar
data/processed/sla/reference_panel/reference_panel_all.fasta	2026-08-04 13:54:08.6958928100	155843	abubakar	abubakar
data/processed/sla/reference_panel/reference_panel_class_I.fasta	2026-08-04 13:54:08.6818924580	97366	abubakar	abubakar
data/processed/sla/reference_panel/reference_panel_class_II.fasta	2026-08-04 13:54:08.6848925330	46093	abubakar	abubakar
data/processed/sla/reference_panel/reference_panel_metadata.json	2026-08-04 13:54:08.7028929870	262158	abubakar	abubakar
data/processed/sla/reference_panel_final/README.md	2026-08-04 14:07:45.1536033000	2579	abubakar	abubakar
data/processed/sla/reference_panel_final/provenance.json	2026-08-04 14:12:54.3304837700	962	abubakar	abubakar
data/processed/sla/reference_panel_final/qc_report.json	2026-08-04 14:07:30.8302384900	142	abubakar	abubakar
data/processed/sla/reference_panel_final/reference_panel_all.fasta	2026-08-04 14:07:30.8222382870	155843	abubakar	abubakar
data/processed/sla/reference_panel_final/reference_panel_class_I.fasta	2026-08-04 14:07:30.8142380830	97366	abubakar	abubakar
data/processed/sla/reference_panel_final/reference_panel_class_II.fasta	2026-08-04 14:07:30.8172381590	46093	abubakar	abubakar
data/processed/sla/reference_panel_final/reference_panel_metadata.json	2026-08-04 14:10:17.0994749380	262385	abubakar	abubakar
data/processed/sla/reference_panel_v2/provenance.json	2026-08-04 14:00:38.9227639280	390	abubakar	abubakar
data/processed/sla/reference_panel_v2/qc_report.json	2026-08-04 14:00:38.9227639280	142	abubakar	abubakar
data/processed/sla/reference_panel_v2/reference_panel_all.fasta	2026-08-04 14:00:38.9137636990	155843	abubakar	abubakar
data/processed/sla/reference_panel_v2/reference_panel_class_I.fasta	2026-08-04 14:00:38.9007633690	97366	abubakar	abubakar
data/processed/sla/reference_panel_v2/reference_panel_class_II.fasta	2026-08-04 14:00:38.9047634710	46093	abubakar	abubakar
data/processed/sla/reference_panel_v2/reference_panel_metadata.json	2026-08-04 14:00:38.9217639020	262158	abubakar	abubakar
data/processed/sla/reference_panel_v3/provenance.json	2026-08-04 14:03:48.6885849320	390	abubakar	abubakar
data/processed/sla/reference_panel_v3/qc_report.json	2026-08-04 14:03:48.6885849320	142	abubakar	abubakar
data/processed/sla/reference_panel_v3/reference_panel_all.fasta	2026-08-04 14:03:48.6785846780	155843	abubakar	abubakar
data/processed/sla/reference_panel_v3/reference_panel_class_I.fasta	2026-08-04 14:03:48.6695844490	97366	abubakar	abubakar
data/processed/sla/reference_panel_v3/reference_panel_class_II.fasta	2026-08-04 14:03:48.6725845250	46093	abubakar	abubakar
data/processed/sla/reference_panel_v3/reference_panel_metadata.json	2026-08-04 14:03:48.6875849070	262158	abubakar	abubakar
data/processed/source_audit.tsv	2026-08-17 17:42:16.9625246480	1919	abubakar	abubakar
data/processed/vaccine_design/antigen_weights.json	2026-07-16 11:25:04.4467785530	1092	abubakar	abubakar
data/raw/genomes/MW856067.fasta	2026-07-11 13:43:30.2184367330	179583	abubakar	abubakar
data/raw/genomes/MW856067.gbff	2026-07-16 10:26:50.6910238350	355528	abubakar	abubakar
data/raw/genomes/MW856067.genbank	2026-07-11 13:43:29.7464439470	355245	abubakar	abubakar
data/raw/genomes/MW856068.fasta	2026-07-11 13:43:29.0524545530	186458	abubakar	abubakar
data/raw/genomes/MW856068.gbff	2026-07-16 10:26:49.7820386950	368503	abubakar	abubakar
data/raw/genomes/MW856068.genbank	2026-07-11 13:43:28.3184657720	368132	abubakar	abubakar
data/raw/genomes/ON409979.fasta	2026-07-11 13:43:21.9635629250	187673	abubakar	abubakar
data/raw/genomes/ON409979.gbff	2026-07-16 10:26:45.0451161640	367301	abubakar	abubakar
data/raw/genomes/ON409979.genbank	2026-07-11 13:43:21.2075744840	366930	abubakar	abubakar
data/raw/genomes/ON409980.fasta	2026-07-11 13:43:26.1734985610	185630	abubakar	abubakar
data/raw/genomes/ON409980.gbff	2026-07-16 10:26:48.5080595250	374351	abubakar	abubakar
data/raw/genomes/ON409980.genbank	2026-07-11 13:43:25.6145071070	374090	abubakar	abubakar
data/raw/genomes/ON409981.fasta	2026-07-11 13:43:27.6204764420	181888	abubakar	abubakar
data/raw/genomes/ON409981.gbff	2026-07-16 10:26:49.0910499910	357741	abubakar	abubakar
data/raw/genomes/ON409981.genbank	2026-07-11 13:43:27.0474852000	357436	abubakar	abubakar
data/raw/genomes/ON409982.fasta	2026-07-11 13:43:23.1435448830	173932	abubakar	abubakar
data/raw/genomes/ON409982.gbff	2026-07-16 10:26:45.9181018820	338693	abubakar	abubakar
data/raw/genomes/ON409982.genbank	2026-07-11 13:43:22.8255497450	338344	abubakar	abubakar
data/raw/genomes/ON409983.fasta	2026-07-11 13:43:24.6045225470	186524	abubakar	abubakar
data/raw/genomes/ON409983.gbff	2026-07-16 10:26:46.5950908090	365967	abubakar	abubakar
data/raw/genomes/ON409983.genbank	2026-07-11 13:43:23.8985333400	365596	abubakar	abubakar
data/raw/genomes/PQ375362.fasta	2026-07-11 13:43:20.5065852030	187677	abubakar	abubakar
data/raw/genomes/PQ375362.gbff	2026-07-16 10:26:44.2211296450	361626	abubakar	abubakar
data/raw/genomes/PQ375362.genbank	2026-07-11 13:43:19.9365939200	361355	abubakar	abubakar
data/raw/genomes/PQ375363.fasta	2026-07-11 13:43:19.1056066280	187004	abubakar	abubakar
data/raw/genomes/PQ375363.gbff	2026-07-16 10:26:43.4171428010	354304	abubakar	abubakar
data/raw/genomes/PQ375363.genbank	2026-07-11 13:43:17.5826299210	353945	abubakar	abubakar
data/raw/genomes/PV740683.fasta	2026-07-11 13:43:16.5856451690	169889	abubakar	abubakar
data/raw/genomes/PV740683.gbff	2026-07-16 10:26:42.7381539130	296278	abubakar	abubakar
data/raw/genomes/PV740683.genbank	2026-07-11 13:43:16.0206538120	296007	abubakar	abubakar
data/raw/genomes/PV740684.fasta	2026-07-11 13:43:15.1416672580	175545	abubakar	abubakar
data/raw/genomes/PV740684.gbff	2026-07-16 10:26:41.8801679560	302980	abubakar	abubakar
data/raw/genomes/PV740684.genbank	2026-07-11 13:43:14.3996786080	302753	abubakar	abubakar
data/raw/reference/asfv_reference.fasta	2026-08-02 22:37:43.7453232590	1740	abubakar	abubakar
data/raw/reference/asfv_reference.pdb	2026-08-02 22:37:44.2013339730	20480	abubakar	abubakar
data/raw/reference/asfv_reference.phr	2026-08-02 22:37:44.1983339030	351	abubakar	abubakar
data/raw/reference/asfv_reference.pin	2026-08-02 22:37:44.1983339030	160	abubakar	abubakar
data/raw/reference/asfv_reference.pot	2026-08-02 22:37:44.2033340200	56	abubakar	abubakar
data/raw/reference/asfv_reference.psq	2026-08-02 22:37:44.1983339030	1611	abubakar	abubakar
data/raw/reference/asfv_reference.ptf	2026-08-02 22:37:44.2073341140	16384	abubakar	abubakar
data/raw/reference/asfv_reference.pto	2026-08-02 22:37:44.2033340200	20	abubakar	abubakar
data/raw/reference/asfv_reference_proteome.fasta	2026-07-23 11:13:02.3568905110	4581	abubakar	abubakar
data/raw/reference/asfv_reference_proteome.pdb	2026-07-23 11:13:02.9508823920	20480	abubakar	abubakar
data/raw/reference/asfv_reference_proteome.phr	2026-07-23 11:13:02.7928845550	747	abubakar	abubakar
data/raw/reference/asfv_reference_proteome.pin	2026-07-23 11:13:02.7928845550	176	abubakar	abubakar
data/raw/reference/asfv_reference_proteome.pot	2026-07-23 11:13:02.9628822280	80	abubakar	abubakar
data/raw/reference/asfv_reference_proteome.psq	2026-07-23 11:13:02.7928845550	4201	abubakar	abubakar
data/raw/reference/asfv_reference_proteome.ptf	2026-07-23 11:13:02.9808819820	16384	abubakar	abubakar
data/raw/reference/asfv_reference_proteome.pto	2026-07-23 11:13:02.9628822280	28	abubakar	abubakar
data/raw/reference/pfam/Pfam-A.hmm	2026-07-16 10:45:59.1291576710	2246909846	abubakar	abubakar
data/raw/reference/pfam/Pfam-A.hmm.gz	2026-07-16 10:53:45.6024469630	418160514	abubakar	abubakar
data/raw/reference/pfam/Pfam-A.hmm.h3f	2026-07-23 10:59:21.5868843000	531685301	abubakar	abubakar
data/raw/reference/pfam/Pfam-A.hmm.h3i	2026-07-23 10:59:21.5838843390	2983395	abubakar	abubakar
data/raw/reference/pfam/Pfam-A.hmm.h3m	2026-07-23 10:59:21.5868843000	928801003	abubakar	abubakar
data/raw/reference/pfam/Pfam-A.hmm.h3p	2026-07-23 10:59:21.5868843000	1094551483	abubakar	abubakar
data/raw/reference/sus_scrofa_proteome.fasta	2022-12-08 05:19:16.0000000000	49275930	abubakar	abubakar
data/raw/reference/sus_scrofa_proteome.pdb	2026-07-16 10:13:29.5841141410	20480	abubakar	abubakar
data/raw/reference/sus_scrofa_proteome.phr	2026-07-16 10:41:05.3966290240	7448177	abubakar	abubakar
data/raw/reference/sus_scrofa_proteome.pin	2026-07-16 10:41:05.3966290240	508688	abubakar	abubakar
data/raw/reference/sus_scrofa_proteome.pog	2026-07-16 10:41:05.4466282600	254332	abubakar	abubakar
data/raw/reference/sus_scrofa_proteome.pot	2026-07-16 10:13:29.5861141120	32	abubakar	abubakar
data/raw/reference/sus_scrofa_proteome.psd	2026-07-16 10:41:05.4426283210	2516550	abubakar	abubakar
data/raw/reference/sus_scrofa_proteome.psi	2026-07-16 10:41:05.4426283210	53277	abubakar	abubakar
data/raw/reference/sus_scrofa_proteome.psq	2026-07-16 10:41:05.3966290240	44169763	abubakar	abubakar
data/raw/reference/sus_scrofa_proteome.ptf	2026-07-16 10:13:29.5911140400	16384	abubakar	abubakar
data/raw/reference/sus_scrofa_proteome.pto	2026-07-16 10:13:29.5861141120	12	abubakar	abubakar
data/raw/reference/sus_scrofa_proteome_metadata.json	2026-07-16 10:26:52.1310003000	453	abubakar	abubakar
data/raw/sla/ipd_release/sla_alleles.fasta	2026-08-04 13:50:45.9568020020	151022	abubakar	abubakar
data/raw/sla/ipd_release/sla_metadata.tsv	2026-08-04 13:51:57.2615884540	17071	abubakar	abubakar
data/reference/sla_panel/LITERATURE_NOTES.md	2026-08-05 00:07:12.7519006340	512	abubakar	abubakar
data/reference/sla_panel/acquisition_records/acquisition_record_template.txt	2026-08-18 13:06:40.9497605000	684	abubakar	abubakar
data/reference/sla_panel/asfv_experimental_peptides.csv	2026-08-15 00:00:57.4873403310	693	abubakar	abubakar
data/reference/sla_panel/freeze_manifest.json	2026-08-15 00:24:07.9210781140	1206	abubakar	abubakar
data/reference/sla_panel/included_studies_final.csv	2026-08-15 00:14:23.7005631990	1534	abubakar	abubakar
data/reference/sla_panel/ipd_queries/query_record_template.md	2026-08-18 13:11:48.8355418890	884	abubakar	abubakar
data/reference/sla_panel/paper_12_34835070_corrected.md	2026-08-15 00:14:12.3652792420	2151	abubakar	abubakar
data/reference/sla_panel/paper_12_34835070_final.md	2026-08-15 00:18:40.7799514000	1003	abubakar	abubakar
data/reference/sla_panel/paper_15_33430316_extraction.md	2026-08-14 23:48:47.5148898960	1579	abubakar	abubakar
data/reference/sla_panel/paper_15_33430316_final.md	2026-08-14 23:52:05.3949187520	2091	abubakar	abubakar
data/reference/sla_panel/paper_15_33430316_final_verified.md	2026-08-14 23:56:56.2762689630	2341	abubakar	abubakar
data/reference/sla_panel/paper_15_donor_genotypes.md	2026-08-14 23:50:00.3487443540	1218	abubakar	abubakar
data/reference/sla_panel/paper_1_34851145_corrected.md	2026-08-14 23:10:20.7447983300	1648	abubakar	abubakar
data/reference/sla_panel/paper_1_pdb_verification.md	2026-08-15 00:14:48.8591934280	511	abubakar	abubakar
data/reference/sla_panel/paper_2_26572135_refined.md	2026-08-14 22:54:14.7160961170	2495	abubakar	abubakar
data/reference/sla_panel/paper_3_21739336_verified.md	2026-08-14 23:04:18.7453469270	2103	abubakar	abubakar
data/reference/sla_panel/paper_4_22984928_corrected.md	2026-08-14 23:10:03.1274175400	1650	abubakar	abubakar
data/reference/sla_panel/paper_5_34564574_final.md	2026-08-14 23:14:57.1089854570	2138	abubakar	abubakar
data/reference/sla_panel/paper_6_26370412_pigmatrix.md	2026-08-14 23:18:33.0620228700	1200	abubakar	abubakar
data/reference/sla_panel/paper_7_30241566_extraction.md	2026-08-14 23:21:26.8591600120	1590	abubakar	abubakar
data/reference/sla_panel/prisma_audit_record.csv	2026-08-15 00:14:23.6955630740	1858	abubakar	abubakar
data/reference/sla_panel/prisma_flow_summary.md	2026-08-15 00:04:44.9560538140	987	abubakar	abubakar
data/reference/sla_panel/sla_evidence_database_verified.csv	2026-08-14 22:54:48.4699455790	740	abubakar	abubakar
data/reference/sla_panel/sla_evidence_synthesis_final.csv	2026-08-15 00:01:11.2056851790	1362	abubakar	abubakar
data/reference/sla_panel/sla_ii_sequences.fasta	2026-08-18 13:35:33.7886632980	809	abubakar	abubakar
data/reference/sla_panel/sla_panel_v1_specification.json	2026-08-15 00:23:52.4456930440	3383	abubakar	abubakar
data/reference/sla_tiers/CURATION_PLAN.md	2026-08-04 14:04:15.3692634720	1002	abubakar	abubakar
data/reference/sla_tiers/sla_tier_assignments.json	2026-08-04 09:10:26.6948172100	3402	abubakar	abubakar
data/reference/sla_tiers/sla_tier_assignments_full.json	2026-08-04 14:00:28.6105022410	111630	abubakar	abubakar
diverse_candidates.tsv	2026-08-26 19:08:12.3079365060	8221	abubakar	abubakar
diverse_candidates_audited.tsv	2026-08-26 22:07:10.0992599360	1302	abubakar	abubakar
docs/architecture/project_overview.md	2026-07-11 12:37:53.2609336590	1152	abubakar	abubakar
docs/assumptions.md	2026-07-11 12:59:20.0244491630	674	abubakar	abubakar
docs/change_control.md	2026-07-11 12:44:18.5633729990	218	abubakar	abubakar
docs/database_schema.md	2026-07-10 23:58:02.1621052330	0	abubakar	abubakar
docs/database_versions.md	2026-07-11 12:44:18.5293734880	299	abubakar	abubakar
docs/decision_log.md	2026-07-11 12:44:18.5403733300	460	abubakar	abubakar
docs/execution_history.md	2026-07-11 12:44:18.5563731000	211	abubakar	abubakar
docs/external_resources.md	2026-07-11 12:59:20.0314490630	769	abubakar	abubakar
docs/known_limitations.md	2026-07-11 12:59:20.0274491200	500	abubakar	abubakar
docs/project_architecture.md	2026-07-10 23:58:02.1621052330	0	abubakar	abubakar
docs/reproducibility.md	2026-07-10 23:58:02.1621052330	0	abubakar	abubakar
docs/software_versions.md	2026-07-11 12:44:18.5263735320	610	abubakar	abubakar
docs/validation/validation_checklist.md	2026-07-11 12:37:53.2649336010	945	abubakar	abubakar
docs/validation_checklist.md	2026-07-11 12:59:20.0394489490	959	abubakar	abubakar
docs/vps_setup.md	2026-07-10 23:58:02.1621052330	0	abubakar	abubakar
docs/workflow.md	2026-07-10 23:58:02.1621052330	0	abubakar	abubakar
dqa_02_01_full.fasta	2026-08-26 19:36:34.9859704090	299	abubakar	abubakar
dqb1_02_02_full.fasta	2026-08-26 19:36:34.9919705730	306	abubakar	abubakar
drb1_02_02_full.fasta	2026-08-26 19:36:34.9979707370	320	abubakar	abubakar
environment.yml	2026-07-11 12:57:04.8803832110	755	abubakar	abubakar
environment_exported.yaml	2026-07-11 12:57:07.0303524380	5971	abubakar	abubakar
extract_junctions.py	2026-08-25 17:53:01.7217138250	11132	abubakar	abubakar
extract_p54_record.sh	2026-08-17 11:44:47.6505418350	1631	abubakar	abubakar
extract_p54_reference_proper.sh	2026-08-17 11:40:52.7365053440	1094	abubakar	abubakar
final_candidate_ranking.tsv	2026-08-26 19:05:45.4442590790	12285694	abubakar	abubakar
fix_mixmhc2pred_final.py	2026-08-25 22:22:19.0593872310	2466	abubakar	abubakar
fix_mixmhc2pred_submission.py	2026-08-25 19:46:52.3631174510	2448	abubakar	abubakar
fix_netmhcpan_submission.py	2026-08-25 19:46:36.5427142740	1902	abubakar	abubakar
frozen_sla_i_alleles_from_previous.txt	2026-08-25 19:50:48.6761380680	66	abubakar	abubakar
generate_architectures.py	2026-08-25 17:59:01.1256285230	8818	abubakar	abubakar
generate_constructs.py	2026-08-25 17:50:37.7281772730	0	abubakar	abubakar
inspection_report.txt	2026-08-27 22:06:13.8394173810	51	abubakar	abubakar
logs/07_epitope_discovery/ctl_discovery/p72.log	2026-08-04 22:55:46.8444533100	6230	abubakar	abubakar
logs/07_epitope_discovery/sequence_qc/p72.log	2026-08-04 22:39:57.3059812950	11363	abubakar	abubakar
logs/analysis/05_alignment.log	2026-07-11 16:11:02.5356661700	7654	abubakar	abubakar
logs/dashboard.log	2026-07-10 23:58:02.1681051440	0	abubakar	abubakar
logs/download/03_download.log	2026-07-11 13:43:30.5294319800	1670	abubakar	abubakar
logs/error.log	2026-07-10 23:58:02.1681051440	0	abubakar	abubakar
logs/extract/02_metadata.log	2026-07-11 13:50:19.0512432560	2342	abubakar	abubakar
logs/extract/04_protein_extraction.log	2026-07-11 15:08:51.3474987650	7526	abubakar	abubakar
logs/extract/04_protein_extraction_enhanced.log	2026-07-11 15:46:30.0946363740	8442	abubakar	abubakar
logs/install.log	2026-07-10 23:58:02.1681051440	0	abubakar	abubakar
logs/pipeline.log	2026-07-10 23:58:02.1681051440	0	abubakar	abubakar
logs/qc/03_qc.log	2026-07-11 14:25:44.7687253190	10170	abubakar	abubakar
logs/qc/04_genotype.log	2026-07-11 15:02:22.3896719650	11580	abubakar	abubakar
methodology_summary.txt	2026-08-25 22:37:36.6898797970	813	abubakar	abubakar
netmhciipan_SLA_DRB1_02_02.tsv.txt	2026-08-26 18:04:15.8035258630	27783	abubakar	abubakar
netmhciipan_SLA_DRB1_02_02_2026.tsv	2026-08-26 18:56:03.8695378420	27783	abubakar	abubakar
netmhcpan_SLA-1_0101.tsv	2026-08-26 16:47:03.7601712010	6148353	abubakar	abubakar
netmhcpan_SLA-1_0101_parsed.tsv	2026-08-26 18:07:28.2553739580	1034569	abubakar	abubakar
netmhcpan_SLA-1_0401.tsv	2026-08-26 16:47:13.6024213130	6148353	abubakar	abubakar
netmhcpan_SLA-1_0401_parsed.tsv	2026-08-26 18:07:28.3403760980	1034453	abubakar	abubakar
netmhcpan_SLA-1_1201.tsv	2026-08-26 16:47:22.8716568020	6148353	abubakar	abubakar
netmhcpan_SLA-1_1201_parsed.tsv	2026-08-26 18:07:28.4283783140	1035616	abubakar	abubakar
netmhcpan_SLA-2_0401.tsv	2026-08-26 16:47:30.3368464210	6148353	abubakar	abubakar
netmhcpan_SLA-2_0401_parsed.tsv	2026-08-26 18:07:28.5063802770	1037134	abubakar	abubakar
netmhcpan_SLA-3_0301.tsv	2026-08-26 16:47:36.0959926800	6148353	abubakar	abubakar
netmhcpan_SLA-3_0301_parsed.tsv	2026-08-26 18:07:28.5863822910	1033388	abubakar	abubakar
netmhcpan_SLA-3_0401.tsv	2026-08-26 16:47:43.0241686000	6148353	abubakar	abubakar
netmhcpan_SLA-3_0401_parsed.tsv	2026-08-26 18:07:28.6663843050	1023436	abubakar	abubakar
original_peptides.txt	2026-08-26 18:36:59.2479535080	5352	abubakar	abubakar
p30_sequence.fasta	2026-08-26 19:36:35.0029708740	0	abubakar	abubakar
p54_sequence.fasta	2026-08-26 19:36:35.0089710390	0	abubakar	abubakar
p72_sequence.fasta	2026-08-26 19:36:35.0149712030	0	abubakar	abubakar
parse_netmhcpan_results.py	2026-08-26 18:07:26.4993297490	1338	abubakar	abubakar
parsed_peptides.txt	2026-08-26 18:36:59.5029602520	131979	abubakar	abubakar
pcp312r_sequence.fasta	2026-08-26 19:36:35.0299716140	368	abubakar	abubakar
pp220_sequence.fasta	2026-08-26 19:36:35.0319716690	0	abubakar	abubakar
results/03_genomes/genotype_report.html	2026-07-11 15:02:22.3886719810	5291	abubakar	abubakar
results/03_genomes/qc_report.html	2026-07-11 14:25:44.7677253320	7755	abubakar	abubakar
results/05_alignments/B646L_p72_conservation_report.html	2026-07-11 16:10:57.6457364940	3944	abubakar	abubakar
results/05_alignments/CP204L_p30_conservation_report.html	2026-07-11 16:10:58.0697303970	3948	abubakar	abubakar
results/05_alignments/CP2475L_pp220_conservation_report.html	2026-07-11 16:11:02.1166721960	3808	abubakar	abubakar
results/05_alignments/CP312R_pCP312R_conservation_report.html	2026-07-11 16:11:02.5336661990	3956	abubakar	abubakar
results/05_alignments/E183L_p54_conservation_report.html	2026-07-11 16:10:58.4747245720	3793	abubakar	abubakar
results/05_alignments/EP402R_CD2v_conservation_report.html	2026-07-11 16:10:58.9157182320	3642	abubakar	abubakar
results/final_construct/C05_H06_B241/D5_D6/allertop/allertop_C05_H06_B241_raw.txt	2026-08-27 21:46:55.3960130530	678	abubakar	abubakar
results/final_construct/C05_H06_B241/D5_D6/protparam/protparam_C05_H06_B241_raw.txt	2026-08-27 21:47:19.8046276170	698	abubakar	abubakar
results/final_construct/C05_H06_B241/D5_D6/toxinpred/toxinpred_C05_H06_B241_raw.txt	2026-08-27 21:47:08.0033304600	582	abubakar	abubakar
results/final_construct/C05_H06_B241/D5_D6/vaxijen/vaxijen_C05_H06_B241_raw.txt	2026-08-27 21:46:43.2417070970	608	abubakar	abubakar
scripts/03_genome_acquisition/01_download_genomes.py	2026-07-11 13:42:59.0599133750	4620	abubakar	abubakar
scripts/03_genome_acquisition/01_download_genomes_fixed.py	2026-07-16 10:26:40.6991872890	1891	abubakar	abubakar
scripts/03_genome_acquisition/02_create_metadata.py	2026-07-11 13:50:04.4924623470	10966	abubakar	abubakar
scripts/03_genome_acquisition/03_genome_qc.py	2026-07-11 14:25:28.7219486870	16622	abubakar	abubakar
scripts/03_genome_acquisition/04_genotype_confirmation.py	2026-07-11 15:01:54.0291293680	14838	abubakar	abubakar
scripts/03_genome_acquisition/05_cd2v_validation_fixed.py	2026-07-12 14:18:51.5240852230	4168	abubakar	abubakar
scripts/03_genome_acquisition/06_ena_confirmation.py	2026-07-16 10:00:47.5701344440	3980	abubakar	abubakar
scripts/03_genome_acquisition/06_ena_confirmation_fixed.py	2026-07-16 10:21:11.0197627700	2166	abubakar	abubakar
scripts/03_genome_acquisition/07_terminal_regions_qc.py	2026-08-02 22:37:18.0297202760	1278	abubakar	abubakar
scripts/03_genome_acquisition/08_phylogeny_advanced.py	2026-07-16 10:01:19.5206724040	4235	abubakar	abubakar
scripts/03_genome_acquisition/08_phylogeny_advanced_fixed.py	2026-07-16 10:12:48.6527061210	1614	abubakar	abubakar
scripts/03_genome_acquisition/09_quality_filtering.py	2026-07-16 11:08:03.6182532460	3596	abubakar	abubakar
scripts/03_genome_acquisition/__init__.py	2026-07-11 13:34:36.8134794200	81	abubakar	abubakar
scripts/03_genome_acquisition/download_utils.py	2026-07-11 13:34:36.8204793160	5723	abubakar	abubakar
scripts/03_genome_acquisition/ncbi_client.py	2026-07-11 13:34:36.8164793750	3492	abubakar	abubakar
scripts/04_protein_extraction/00_extract_proteins.py	2026-07-16 10:25:17.7835542300	4880	abubakar	abubakar
scripts/04_protein_extraction/01_extract_targets.py	2026-07-11 15:08:33.2707824810	12128	abubakar	abubakar
scripts/04_protein_extraction/02_extract_targets_enhanced.py	2026-07-11 15:46:07.3539727970	14221	abubakar	abubakar
scripts/04_protein_extraction/05_iedb_search.py	2026-07-16 10:01:33.3884718590	4353	abubakar	abubakar
scripts/04_protein_extraction/05_iedb_search_manual.py	2026-07-16 10:12:39.8368336270	1230	abubakar	abubakar
scripts/04_protein_extraction/06_orthology_complete.py	2026-07-16 10:01:46.8602770420	6628	abubakar	abubakar
scripts/04_protein_extraction/06_orthology_fixed.py	2026-07-16 10:26:52.2199988460	1591	abubakar	abubakar
scripts/04_protein_extraction/07_structural_annotation.py	2026-07-16 10:02:05.2380112790	7515	abubakar	abubakar
scripts/04_protein_extraction/08_signalp_api.py	2026-07-16 10:53:46.1104410700	3049	abubakar	abubakar
scripts/04_protein_extraction/09_deeptmhmm_api.py	2026-07-16 10:54:12.6481312570	2622	abubakar	abubakar
scripts/04_protein_extraction/10_summary_report.py	2026-07-16 11:04:44.3489962420	4526	abubakar	abubakar
scripts/04_protein_extraction/11_length_validation.py	2026-07-16 11:08:05.7552235790	2978	abubakar	abubakar
scripts/04_protein_extraction/11_length_validation_actual.py	2026-07-16 11:13:19.8598210170	3290	abubakar	abubakar
scripts/04_protein_extraction/11_length_validation_final.py	2026-07-16 11:11:58.0399746770	4138	abubakar	abubakar
scripts/04_protein_extraction/11_length_validation_final_correct.py	2026-07-16 11:14:38.2277125540	3605	abubakar	abubakar
scripts/04_protein_extraction/11_length_validation_final_real.py	2026-07-16 11:15:23.1270761350	2792	abubakar	abubakar
scripts/04_protein_extraction/11_length_validation_fixed.py	2026-07-16 11:09:13.5732797310	3431	abubakar	abubakar
scripts/04_protein_extraction/11_length_validation_force.py	2026-07-16 11:16:05.9284686400	3928	abubakar	abubakar
scripts/04_protein_extraction/12_final_summary.py	2026-07-16 11:08:06.6082117360	3402	abubakar	abubakar
scripts/04_protein_extraction/13_final_complete_summary.py	2026-07-16 11:09:14.5822656570	3907	abubakar	abubakar
scripts/04_protein_extraction/13_final_complete_summary_fixed.py	2026-07-16 16:22:58.0115295860	4040	abubakar	abubakar
scripts/04_protein_extraction/extract_ba71v_genomes.py	2026-07-23 11:31:49.9627072240	3109	abubakar	abubakar
scripts/04_protein_extraction/run_deeptmhmm.sh	2026-07-16 10:47:50.9824619910	275	abubakar	abubakar
scripts/04_protein_extraction/run_signalp.sh	2026-07-16 10:47:50.9734621270	379	abubakar	abubakar
scripts/05_alignment_conservation/01_align_conservation.py	2026-07-11 16:10:45.4709115230	13421	abubakar	abubakar
scripts/05_alignment_conservation/05_clustal_omega.py	2026-07-16 10:13:01.2815234730	1074	abubakar	abubakar
scripts/05_alignment_conservation/05_clustal_omega_fixed.py	2026-07-16 10:25:20.6975058520	1278	abubakar	abubakar
scripts/05_alignment_conservation/06_alignment_qc_complete.py	2026-07-16 10:13:01.2925233140	1986	abubakar	abubakar
scripts/05_alignment_conservation/07_pig_proteome_complete.py	2026-07-16 10:21:11.0117629110	4323	abubakar	abubakar
scripts/05_alignment_conservation/07_pig_proteome_complete_fixed.py	2026-07-16 10:26:40.6941873710	4304	abubakar	abubakar
scripts/05_alignment_conservation/07_pig_proteome_complete_fixed2.py	2026-07-16 10:27:57.5099371200	6731	abubakar	abubakar
scripts/05_alignment_conservation/08_final_verification.py	2026-07-16 10:28:00.7308850000	2292	abubakar	abubakar
scripts/05_alignment_conservation/09_epitope_mapping.py	2026-07-16 11:08:06.1992174150	3909	abubakar	abubakar
scripts/05_alignment_conservation/09_epitope_mapping_fixed.py	2026-07-16 11:09:14.1092722550	4622	abubakar	abubakar
scripts/06_sla_reference/build_sla_panel.py	2026-08-04 14:07:21.6350043040	7911	abubakar	abubakar
scripts/06_sla_reference/curate_tiers.py	2026-08-04 14:07:51.0887544750	2572	abubakar	abubakar
scripts/06_sla_reference/normalize_alleles.py	2026-08-04 14:00:19.8482799150	1434	abubakar	abubakar
scripts/06_sla_reference/update_classification.py	2026-08-04 14:10:17.0224729750	1528	abubakar	abubakar
scripts/06_vaccine_design/01_extract_nt159.py	2026-07-16 11:25:02.1828110080	1565	abubakar	abubakar
scripts/06_vaccine_design/01_extract_nt159_fixed.py	2026-07-16 11:26:15.6197579340	2020	abubakar	abubakar
scripts/06_vaccine_design/02_weighting_scheme.py	2026-07-16 11:25:04.3727796140	2094	abubakar	abubakar
scripts/06_vaccine_design/03_dual_genotype.py	2026-07-16 11:25:04.4607783530	2207	abubakar	abubakar
scripts/06_vaccine_design/04_integration.py	2026-07-16 11:25:05.1557683890	2730	abubakar	abubakar
scripts/07_epitope_discovery/01_sequence_qc.py	2026-08-04 22:39:17.8170674910	9797	abubakar	abubakar
scripts/07_epitope_discovery/01_sequence_qc.py.bak	2026-08-04 22:39:17.8120673760	15771	abubakar	abubakar
scripts/07_epitope_discovery/02_ctl_discovery.py	2026-08-04 22:52:35.8118868060	8682	abubakar	abubakar
scripts/07_epitope_discovery/check_dependencies.py	2026-08-04 23:14:26.8543531590	5114	abubakar	abubakar
scripts/07_epitope_discovery/common/__init__.py	2026-08-04 20:14:17.2955091580	3118	abubakar	abubakar
scripts/07_epitope_discovery/common/__pycache__/__init__.cpython-312.pyc	2026-08-04 20:14:32.7949053930	2860	abubakar	abubakar
scripts/07_epitope_discovery/common/__pycache__/canonical_record.cpython-312.pyc	2026-08-04 20:13:05.3586679420	6424	abubakar	abubakar
scripts/07_epitope_discovery/common/__pycache__/checksums.cpython-312.pyc	2026-08-04 20:13:05.4966714780	2248	abubakar	abubakar
scripts/07_epitope_discovery/common/__pycache__/config.cpython-312.pyc	2026-08-04 20:13:05.5866737840	1800	abubakar	abubakar
scripts/07_epitope_discovery/common/__pycache__/constants.cpython-312.pyc	2026-08-04 20:13:05.6896764230	863	abubakar	abubakar
scripts/07_epitope_discovery/common/__pycache__/context.cpython-312.pyc	2026-08-04 20:13:05.7776786780	5299	abubakar	abubakar
scripts/07_epitope_discovery/common/__pycache__/enums.cpython-312.pyc	2026-08-04 20:13:05.8546806510	2013	abubakar	abubakar
scripts/07_epitope_discovery/common/__pycache__/exceptions.cpython-312.pyc	2026-08-04 20:13:05.9436829310	2425	abubakar	abubakar
scripts/07_epitope_discovery/common/__pycache__/io.cpython-312.pyc	2026-08-04 20:13:06.0386853650	5187	abubakar	abubakar
scripts/07_epitope_discovery/common/__pycache__/logging_utils.cpython-312.pyc	2026-08-04 20:13:06.1246875690	2074	abubakar	abubakar
scripts/07_epitope_discovery/common/__pycache__/manifest.cpython-312.pyc	2026-08-04 20:13:06.2006895160	3227	abubakar	abubakar
scripts/07_epitope_discovery/common/__pycache__/provenance.cpython-312.pyc	2026-08-04 20:13:06.2806915650	1575	abubakar	abubakar
scripts/07_epitope_discovery/common/__pycache__/schemas.cpython-312.pyc	2026-08-04 20:15:25.1362423580	5564	abubakar	abubakar
scripts/07_epitope_discovery/common/__pycache__/validation.cpython-312.pyc	2026-08-04 20:22:15.6126823120	9999	abubakar	abubakar
scripts/07_epitope_discovery/common/__pycache__/version.cpython-312.pyc	2026-08-04 20:13:06.5476984060	801	abubakar	abubakar
scripts/07_epitope_discovery/common/adapters/__init__.py	2026-08-04 22:52:20.1705134870	574	abubakar	abubakar
scripts/07_epitope_discovery/common/adapters/__pycache__/__init__.cpython-312.pyc	2026-08-04 22:52:57.0803945890	805	abubakar	abubakar
scripts/07_epitope_discovery/common/adapters/__pycache__/base.cpython-312.pyc	2026-08-04 22:44:50.2568336340	2146	abubakar	abubakar
scripts/07_epitope_discovery/common/adapters/__pycache__/netmhcpan.cpython-312.pyc	2026-08-04 22:55:46.8064524000	7808	abubakar	abubakar
scripts/07_epitope_discovery/common/adapters/__pycache__/pigmatrix.cpython-312.pyc	2026-08-04 22:55:46.8124525440	7276	abubakar	abubakar
scripts/07_epitope_discovery/common/adapters/__pycache__/registry.cpython-312.pyc	2026-08-04 20:13:05.1526626640	1745	abubakar	abubakar
scripts/07_epitope_discovery/common/adapters/__pycache__/result.cpython-312.pyc	2026-08-04 22:52:57.0823946370	2110	abubakar	abubakar
scripts/07_epitope_discovery/common/adapters/base.py	2026-08-04 22:44:30.8903773980	1159	abubakar	abubakar
scripts/07_epitope_discovery/common/adapters/netmhcpan.py	2026-08-04 22:55:24.5389195160	5932	abubakar	abubakar
scripts/07_epitope_discovery/common/adapters/pigmatrix.py	2026-08-04 22:55:24.5459196840	5620	abubakar	abubakar
scripts/07_epitope_discovery/common/adapters/registry.py	2026-08-04 20:12:53.9213748540	903	abubakar	abubakar
scripts/07_epitope_discovery/common/adapters/result.py	2026-08-04 22:51:22.9711491640	1321	abubakar	abubakar
scripts/07_epitope_discovery/common/canonical_record.py	2026-08-04 20:08:26.7794943020	4820	abubakar	abubakar
scripts/07_epitope_discovery/common/checksums.py	2026-08-04 20:07:00.5992565040	1080	abubakar	abubakar
scripts/07_epitope_discovery/common/config.py	2026-08-04 20:06:14.7910623960	1027	abubakar	abubakar
scripts/07_epitope_discovery/common/constants.py	2026-08-04 20:06:26.9073785750	639	abubakar	abubakar
scripts/07_epitope_discovery/common/context.py	2026-08-04 20:08:54.8762216660	3143	abubakar	abubakar
scripts/07_epitope_discovery/common/enums.py	2026-08-04 20:06:51.8860296350	979	abubakar	abubakar
scripts/07_epitope_discovery/common/exceptions.py	2026-08-04 20:06:36.1596198510	847	abubakar	abubakar
scripts/07_epitope_discovery/common/io.py	2026-08-04 20:07:11.1915321400	2714	abubakar	abubakar
scripts/07_epitope_discovery/common/logging_utils.py	2026-08-04 20:07:21.4387986310	1386	abubakar	abubakar
scripts/07_epitope_discovery/common/manifest.py	2026-08-04 20:08:03.2548844990	2474	abubakar	abubakar
scripts/07_epitope_discovery/common/provenance.py	2026-08-04 20:08:12.5511255650	1124	abubakar	abubakar
scripts/07_epitope_discovery/common/schemas.py	2026-08-04 20:15:15.2819907760	7452	abubakar	abubakar
scripts/07_epitope_discovery/common/validation.py	2026-08-04 20:21:23.8513691750	8845	abubakar	abubakar
scripts/07_epitope_discovery/common/version.py	2026-08-04 20:09:03.8074526650	575	abubakar	abubakar
scripts/ml/extract_iedb_ctl.py	2026-08-23 11:43:11.3624606910	2921	abubakar	abubakar
scripts/utils/config_loader.py	2026-07-11 13:35:01.1311171950	2251	abubakar	abubakar
sla_alleles.fasta	2026-08-26 19:36:35.0409719150	9114	abubakar	abubakar
sla_i_batches/SLA-1_0101.txt	2026-08-26 16:41:22.7416304260	10786	abubakar	abubakar
sla_i_batches/SLA-1_0401.txt	2026-08-26 16:41:24.1606657920	10786	abubakar	abubakar
sla_i_batches/SLA-1_1201.txt	2026-08-26 16:41:25.1976916370	10786	abubakar	abubakar
sla_i_batches/SLA-2_0401.txt	2026-08-26 16:41:26.5177245360	10786	abubakar	abubakar
sla_i_batches/SLA-3_0301.txt	2026-08-26 16:41:28.0687631930	10786	abubakar	abubakar
sla_i_batches/SLA-3_0401.txt	2026-08-26 16:41:29.6858034950	10786	abubakar	abubakar
sla_i_netmhcpan_submission.txt	2026-08-25 19:51:02.8544992070	64716	abubakar	abubakar
sla_i_peptides.fasta	2026-08-26 19:36:35.0469720800	11666	abubakar	abubakar
sla_i_web_submission.txt	2026-08-25 18:06:18.9845834260	0	abubakar	abubakar
sla_ii_15mers_only.txt	2026-08-25 22:45:27.2978663340	4704	abubakar	abubakar
sla_ii_15mers_only_res.txt	2026-08-27 18:39:02.3036409050	22622	abubakar	abubakar
sla_ii_candidate_affinity.tsv	2026-08-26 22:28:28.6203754600	704	abubakar	abubakar
sla_ii_gate1_test.txt	2026-08-27 17:47:58.3386550180	160	abubakar	abubakar
sla_ii_mixmhc2pred_final.txt	2026-08-25 22:27:11.8049138660	8526	abubakar	abubakar
sla_ii_mixmhc2pred_fixed.txt	2026-08-25 22:23:42.8635468410	8526	abubakar	abubakar
sla_ii_mixmhc2pred_input.txt	2026-08-25 18:06:30.7448784810	4704	abubakar	abubakar
sla_ii_mixmhc2pred_submission.txt	2026-08-25 19:48:05.0359692890	8526	abubakar	abubakar
sla_ii_panel_test.txt	2026-08-27 17:43:09.3652896230	160	abubakar	abubakar
sla_ii_peptides.fasta	2026-08-26 19:36:35.0529722440	8418	abubakar	abubakar
sla_ii_pilot_test.txt	2026-08-26 22:53:05.7446752650	160	abubakar	abubakar
split_by_allele.py	2026-08-25 23:14:39.3099648740	1327	abubakar	abubakar
src/asfv_platform/__init__.py	2026-07-11 13:41:58.6678397350	155	abubakar	abubakar
src/asfv_platform/__pycache__/__init__.cpython-310.pyc	2026-07-11 13:43:11.8387177910	300	abubakar	abubakar
src/asfv_platform/config/__init__.py	2026-07-11 13:41:58.6718396730	105	abubakar	abubakar
src/asfv_platform/config/__pycache__/__init__.cpython-310.pyc	2026-07-11 13:43:11.8397177760	277	abubakar	abubakar
src/asfv_platform/config/__pycache__/loader.cpython-310.pyc	2026-07-11 13:43:11.8407177610	1311	abubakar	abubakar
src/asfv_platform/config/loader.py	2026-07-11 13:42:07.1097100330	1445	abubakar	abubakar
src/asfv_platform/io/__init__.py	2026-07-11 13:41:58.6838394890	159	abubakar	abubakar
src/asfv_platform/io/__pycache__/__init__.cpython-310.pyc	2026-07-11 13:43:13.6536900210	346	abubakar	abubakar
src/asfv_platform/io/__pycache__/files.cpython-310.pyc	2026-07-11 13:43:13.6546900060	1794	abubakar	abubakar
src/asfv_platform/io/__pycache__/reports.cpython-310.pyc	2026-07-11 13:43:13.6556899900	1127	abubakar	abubakar
src/asfv_platform/io/files.py	2026-07-11 13:42:37.8082389620	1784	abubakar	abubakar
src/asfv_platform/io/reports.py	2026-07-11 13:42:37.8122389010	871	abubakar	abubakar
src/asfv_platform/ncbi/__init__.py	2026-07-11 13:41:58.6758396120	160	abubakar	abubakar
src/asfv_platform/ncbi/__pycache__/__init__.cpython-310.pyc	2026-07-11 13:43:11.8677173480	348	abubakar	abubakar
src/asfv_platform/ncbi/__pycache__/client.cpython-310.pyc	2026-07-11 13:43:11.8687173320	2433	abubakar	abubakar
src/asfv_platform/ncbi/client.py	2026-07-11 13:42:17.5055504060	2505	abubakar	abubakar
src/asfv_platform/utils/__init__.py	2026-07-11 13:41:58.6878394270	121	abubakar	abubakar
src/asfv_platform/utils/__pycache__/__init__.cpython-310.pyc	2026-07-11 13:43:13.6576899600	293	abubakar	abubakar
src/asfv_platform/utils/__pycache__/checksum.cpython-310.pyc	2026-07-11 13:43:13.6586899450	692	abubakar	abubakar
src/asfv_platform/utils/__pycache__/logger.cpython-310.pyc	2026-07-11 13:43:13.6586899450	844	abubakar	abubakar
src/asfv_platform/utils/checksum.py	2026-07-11 13:42:49.2020643530	345	abubakar	abubakar
src/asfv_platform/utils/logger.py	2026-07-11 13:42:49.2110642150	823	abubakar	abubakar
src/asfv_platform/validation/__init__.py	2026-07-11 13:41:58.6808395350	131	abubakar	abubakar
src/asfv_platform/validation/__pycache__/__init__.cpython-310.pyc	2026-07-11 13:43:13.6516900520	308	abubakar	abubakar
src/asfv_platform/validation/__pycache__/accession.cpython-310.pyc	2026-07-11 13:43:13.6516900520	571	abubakar	abubakar
src/asfv_platform/validation/__pycache__/genome.cpython-310.pyc	2026-07-11 13:43:13.6526900360	917	abubakar	abubakar
src/asfv_platform/validation/accession.py	2026-07-11 13:42:27.1824019130	445	abubakar	abubakar
src/asfv_platform/validation/genome.py	2026-07-11 13:42:27.1914017750	1000	abubakar	abubakar
strong_binder_peptides.txt	2026-08-26 18:08:56.3755918720	16615	abubakar	abubakar
strong_peptides.txt	2026-08-26 18:38:18.4300417700	6102	abubakar	abubakar
test_5_peptides.txt	2026-08-27 00:09:49.0093090080	80	abubakar	abubakar
test_peptide.txt	2026-08-25 22:32:01.0233146450	29	abubakar	abubakar
test_sla_dqa.fasta	2026-08-26 19:36:35.0579723810	267	abubakar	abubakar
test_sla_dqb1.fasta	2026-08-26 19:36:35.0689726820	274	abubakar	abubakar
test_sla_drb1.fasta	2026-08-26 19:36:35.0729727920	102	abubakar	abubakar
threshold_0.5_peptides.txt	2026-08-26 18:13:05.2228504910	6102	abubakar	abubakar
threshold_1.0_peptides.txt	2026-08-26 18:13:05.4198554430	10124	abubakar	abubakar
threshold_2.0_peptides.txt	2026-08-26 18:13:05.6198604710	16615	abubakar	abubakar
top_50_architectures.txt	2026-08-26 19:00:19.1310551100	0	abubakar	abubakar
workflow/envs/base_env.yaml	2026-07-11 12:37:40.2171227100	217	abubakar	abubakar
workflow/resources/accession_manifest.txt	2026-07-11 12:37:40.2231226230	555	abubakar	abubakar
workflow/rules/03_genome_acquisition.smk	2026-08-18 12:29:17.0930307790	723	abubakar	abubakar
workflow/rules/03_genome_acquisition.smk.bak	2026-08-18 12:29:17.0830305230	774	abubakar	abubakar
workflow/rules/04_protein_extraction.smk	2026-07-11 13:19:35.2851138760	594	abubakar	abubakar
workflow/schema/genome_schema.json	2026-07-11 12:37:40.2121227830	822	abubakar	abubakar
